fips,condado,estado,lat,lon,poblacion
80001,Out of AL,Alabama,,,
80002,Out of AK,Alaska,,,
80004,Out of AZ,Arizona,,,
80005,Out of AR,Arkansas,,,
80006,Out of CA,California,,,
80008,Out of CO,Colorado,,,
80009,Out of CT,Connecticut,,,
80010,Out of DE,Delaware,,,
80011,Out of DC,District of Columbia,,,
80012,Out of FL,Florida,,,
80013,Out of GA,Georgia,,,
80015,Out of HI,Hawaii,,,
80016,Out of ID,Idaho,,,
80017,Out of IL,Illinois,,,
80018,Out of IN,Indiana,,,
80019,Out of IA,Iowa,,,
80020,Out of KS,Kansas,,,
80021,Out of KY,Kentucky,,,
80022,Out of LA,Louisiana,,,
80023,Out of ME,Maine,,,
80024,Out of MD,Maryland,,,
80025,Out of MA,Massachusetts,,,
80026,Out of MI,Michigan,,,
80027,Out of MN,Minnesota,,,
80028,Out of MS,Mississippi,,,
80029,Out of MO,Missouri,,,
80030,Out of MT,Montana,,,
80031,Out of NE,Nebraska,,,
80032,Out of NV,Nevada,,,
80033,Out of NH,New Hampshire,,,
80034,Out of NJ,New Jersey,,,
80035,Out of NM,New Mexico,,,
80036,Out of NY,New York,,,
80037,Out of NC,North Carolina,,,
80038,Out of ND,North Dakota,,,
80039,Out of OH,Ohio,,,
80040,Out of OK,Oklahoma,,,
80041,Out of OR,Oregon,,,
80042,Out of PA,Pennsylvania,,,
80044,Out of RI,Rhode Island,,,
80045,Out of SC,South Carolina,,,
80046,Out of SD,South Dakota,,,
80047,Out of TN,Tennessee,,,
80048,Out of TX,Texas,,,
80049,Out of UT,Utah,,,
80050,Out of VT,Vermont,,,
80051,Out of VA,Virginia,,,
80053,Out of WA,Washington,,,
80054,Out of WV,West Virginia,,,
80055,Out of WI,Wisconsin,,,
80056,Out of WY,Wyoming,,,
90001,Unassigned,Alabama,,,
90002,Unassigned,Alaska,,,
90004,Unassigned,Arizona,,,
90005,Unassigned,Arkansas,,,
90006,Unassigned,California,,,
90008,Unassigned,Colorado,,,
90009,Unassigned,Connecticut,,,
90010,Unassigned,Delaware,,,
90011,Unassigned,District of Columbia,,,
90012,Unassigned,Florida,,,
90013,Unassigned,Georgia,,,
90015,Unassigned,Hawaii,,,
90016,Unassigned,Idaho,,,
90017,Unassigned,Illinois,,,
90018,Unassigned,Indiana,,,
90019,Unassigned,Iowa,,,
90020,Unassigned,Kansas,,,
90021,Unassigned,Kentucky,,,
90022,Unassigned,Louisiana,,,
90023,Unassigned,Maine,,,
90024,Unassigned,Maryland,,,
90025,Unassigned,Massachusetts,,,
90026,Unassigned,Michigan,,,
90027,Unassigned,Minnesota,,,
90028,Unassigned,Mississippi,,,
90029,Unassigned,Missouri,,,
90030,Unassigned,Montana,,,
90031,Unassigned,Nebraska,,,
90032,Unassigned,Nevada,,,
90033,Unassigned,New Hampshire,,,
90034,Unassigned,New Jersey,,,
90035,Unassigned,New Mexico,,,
90036,Unassigned,New York,,,
90037,Unassigned,North Carolina,,,
90038,Unassigned,North Dakota,,,
90039,Unassigned,Ohio,,,
90040,Unassigned,Oklahoma,,,
90041,Unassigned,Oregon,,,
90042,Unassigned,Pennsylvania,,,
90044,Unassigned,Rhode Island,,,
90045,Unassigned,South Carolina,,,
90046,Unassigned,South Dakota,,,
90047,Unassigned,Tennessee,,,
90048,Unassigned,Texas,,,
90049,Unassigned,Utah,,,
90050,Unassigned,Vermont,,,
90051,Unassigned,Virginia,,,
90053,Unassigned,Washington,,,
90054,Unassigned,West Virginia,,,
90055,Unassigned,Wisconsin,,,
90056,Unassigned,Wyoming,,,
01001,Autauga,Alabama,32.53952745,-86.64408227,55869.0
01003,Baldwin,Alabama,30.72774991,-87.72207058,223234.0
01005,Barbour,Alabama,31.868263,-85.3871286,24686.0
01007,Bibb,Alabama,32.99642064,-87.1251146,22394.0
01009,Blount,Alabama,33.98210918,-86.56790593,57826.0
01011,Bullock,Alabama,32.10030533,-85.71265535,10101.0
01013,Butler,Alabama,31.75300095,-86.68057478,19448.0
01015,Calhoun,Alabama,33.77483727,-85.82630386,113605.0
01017,Chambers,Alabama,32.91360079,-85.39072749,33254.0
01019,Cherokee,Alabama,34.17805983,-85.60638968,26196.0
01021,Chilton,Alabama,32.85044126,-86.7173256,44428.0
01023,Choctaw,Alabama,32.02227341,-88.2656443,12589.0
01025,Clarke,Alabama,31.68099859,-87.83548597,23622.0
01027,Clay,Alabama,33.26984193,-85.85836077,13235.0
01029,Cleburne,Alabama,33.67679204,-85.52005899,14910.0
01031,Coffee,Alabama,31.39932826,-85.98901039,52342.0
01033,Colbert,Alabama,34.69847452,-87.80168544,55241.0
01035,Conecuh,Alabama,31.43401703,-86.99320044,12067.0
01037,Coosa,Alabama,32.93690146,-86.24847739,10663.0
01039,Covington,Alabama,31.2477854,-86.45050893,37049.0
01041,Crenshaw,Alabama,31.72941803,-86.31593104,13772.0
01043,Cullman,Alabama,34.13020303,-86.86888037,83768.0
01045,Dale,Alabama,31.43037123,-85.61095742,49172.0
01047,Dallas,Alabama,32.32688101,-87.1086671,37196.0
01049,DeKalb,Alabama,34.45946862,-85.80782906,71513.0
01051,Elmore,Alabama,32.59785413,-86.14415284,81209.0
01053,Escambia,Alabama,31.1256789,-87.15918694,36633.0
01055,Etowah,Alabama,34.04567266,-86.04051873,102268.0
01057,Fayette,Alabama,33.72076938,-87.73886638,16302.0
01059,Franklin,Alabama,34.44235334,-87.84289505,31362.0
01061,Geneva,Alabama,31.09389027,-85.83572839,26271.0
01063,Greene,Alabama,32.85504247,-87.95684022,8111.0
01065,Hale,Alabama,32.76039258,-87.63284988,14651.0
01067,Henry,Alabama,31.51148016,-85.24267944,17205.0
01069,Houston,Alabama,31.15197924,-85.29939599,105882.0
01071,Jackson,Alabama,34.78144169,-85.99750489,51626.0
01073,Jefferson,Alabama,33.55554728,-86.895063,658573.0
01075,Lamar,Alabama,33.77995024,-88.09668032,13805.0
01077,Lauderdale,Alabama,34.90171875,-87.65624729,92729.0
01079,Lawrence,Alabama,34.52041498,-87.31069453,32924.0
01081,Lee,Alabama,32.60154883,-85.35132246,164542.0
01083,Limestone,Alabama,34.81185586,-86.98310072,98915.0
01085,Lowndes,Alabama,32.1597283,-86.65158371,9726.0
01087,Macon,Alabama,32.38759944,-85.69267724,18068.0
01089,Madison,Alabama,34.76327133,-86.55069633,372909.0
01091,Marengo,Alabama,32.24767634,-87.78796182,18863.0
01093,Marion,Alabama,34.13697363,-87.88704173,29709.0
01095,Marshall,Alabama,34.36975964,-86.30486727,96774.0
01097,Mobile,Alabama,30.78472347,-88.20842409,413210.0
01099,Monroe,Alabama,31.56729412,-87.36995001,20733.0
01101,Montgomery,Alabama,32.2206831,-86.20969272,226486.0
01103,Morgan,Alabama,34.45500589,-86.85475946,119679.0
01105,Perry,Alabama,32.64048341,-87.29770589,8923.0
01107,Pickens,Alabama,33.28094866,-88.08818103,19930.0
01109,Pike,Alabama,31.80396383,-85.9408295,33114.0
01111,Randolph,Alabama,33.29526734,-85.45708831,22722.0
01113,Russell,Alabama,32.28725256,-85.18415324,57961.0
01115,St. Clair,Alabama,33.71902176,-86.31029372,89512.0
01117,Shelby,Alabama,33.26879845,-86.66232561,217702.0
01119,Sumter,Alabama,32.59117397,-88.19916205,12427.0
01121,Talladega,Alabama,33.37823223,-86.16886178,79978.0
01123,Tallapoosa,Alabama,32.86698258,-85.79833053,40367.0
01125,Tuscaloosa,Alabama,33.28726072,-87.52556818,209355.0
01127,Walker,Alabama,33.80270512,-87.30027177,63521.0
01129,Washington,Alabama,31.4092794,-88.20689944,16326.0
01131,Wilcox,Alabama,31.98773215,-87.30891118,10373.0
01133,Winston,Alabama,34.15030532,-87.37325922,23629.0
02013,Aleutians East,Alaska,55.32222414,-161.9722021,3337.0
02016,Aleutians West,Alaska,52.3233,-174.1596,5634.0
02020,Anchorage,Alaska,61.14998174,-149.1426986,288000.0
02050,Bethel,Alaska,60.90980451,-159.8561831,18386.0
02060,Bristol Bay,Alaska,58.74513976,-156.701064,836.0
02066,Copper River,Alaska,60.3886,-162.8905196,2699.0
02063,Chugach,Alaska,61.16666,-149.9,6751.0
02068,Denali,Alaska,63.67264044,-150.0076108,2097.0
02070,Dillingham,Alaska,59.79603738,-158.2381942,4916.0
02090,Fairbanks North Star,Alaska,64.80726247,-146.5692662,96849.0
02100,Haines,Alaska,59.09893571,-135.4679843,2530.0
02105,Hoonah-Angoon,Alaska,58.29307365,-135.6424424,2148.0
02110,Juneau,Alaska,58.45031811,-134.200436,31974.0
02122,Kenai Peninsula,Alaska,60.24429722,-151.5388884,58708.0
02130,Ketchikan Gateway,Alaska,55.57445008,-130.975561,13901.0
02150,Kodiak Island,Alaska,57.65529415,-153.7493579,12998.0
02158,Kusilvak,Alaska,62.1542916,-163.3967883,8314.0
02164,Bristol Bay plus Lake and Peninsula,Alaska,58.62403337,-156.2140589,2428.0
02170,Matanuska-Susitna,Alaska,62.31305045,-149.5741743,108317.0
02180,Nome,Alaska,64.90320724,-164.0353804,10004.0
02185,North Slope,Alaska,69.31479216,-153.4836093,9832.0
02188,Northwest Arctic,Alaska,67.04919196,-159.7503946,7621.0
02195,Petersburg,Alaska,57.13978948,-132.9540995,3266.0
02198,Prince of Wales-Hyder,Alaska,55.76261984,-133.0511621,6203.0
02220,Sitka,Alaska,57.24124555,-135.3206587,8493.0
02230,Skagway,Alaska,59.56149996,-135.3337748,1183.0
02240,Southeast Fairbanks,Alaska,63.87692095,-143.2127643,6893.0
02261,Valdez-Cordova,Alaska,61.47502768,-144.7126799,9202.0
02275,Wrangell,Alaska,56.3202004,-132.0583731,2502.0
02282,Yakutat plus Hoonah-Angoon,Alaska,59.8909808,-140.3601451,2727.0
02290,Yukon-Koyukuk,Alaska,65.50815459,-151.3907387,5230.0
04001,Apache,Arizona,35.39465006,-109.4892383,71887.0
04003,Cochise,Arizona,31.87934684,-109.7516088,125922.0
04005,Coconino,Arizona,35.83883429,-111.7707178,143476.0
04007,Gila,Arizona,33.80190085,-110.8132779,54018.0
04009,Graham,Arizona,32.93166885,-109.8882178,38837.0
04011,Greenlee,Arizona,33.21498827,-109.2405279,9498.0
04012,La Paz,Arizona,33.72854224,-113.9810029,21108.0
04013,Maricopa,Arizona,33.34835867,-112.4918154,4485414.0
04015,Mohave,Arizona,35.70471703,-113.7577902,212181.0
04017,Navajo,Arizona,35.3997715,-110.3218983,110924.0
04019,Pima,Arizona,32.0971334,-111.7890033,1047279.0
04021,Pinal,Arizona,32.90525627,-111.3449483,462789.0
04023,Santa Cruz,Arizona,31.52508998,-110.8479088,46498.0
04025,Yavapai,Arizona,34.59933926,-112.5538588,235099.0
04027,Yuma,Arizona,32.76895712,-113.9066674,213787.0
05001,Arkansas,Arkansas,34.29145151,-91.37277296,17486.0
05003,Ashley,Arkansas,33.19153461,-91.7698471,19657.0
05005,Baxter,Arkansas,36.28784385,-92.33782872,41932.0
05007,Benton,Arkansas,36.33644656,-94.25680817,279141.0
05009,Boone,Arkansas,36.3084504,-93.09374925,37432.0
05011,Bradley,Arkansas,33.46755808,-92.15980837,10763.0
05013,Calhoun,Arkansas,33.55598792,-92.49974403,5189.0
05015,Carroll,Arkansas,36.3403856,-93.54270261,28380.0
05017,Chicot,Arkansas,33.26458973,-91.29539209,10118.0
05019,Clark,Arkansas,34.04613432,-93.17484713,22320.0
05021,Clay,Arkansas,36.36826212,-90.4148172,14551.0
05023,Cleburne,Arkansas,35.53864922,-92.02640019,24919.0
05025,Cleveland,Arkansas,33.89723187,-92.18537045,7956.0
05027,Columbia,Arkansas,33.21230701,-93.22642793,23457.0
05029,Conway,Arkansas,35.26205537,-92.70506566,20846.0
05031,Craighead,Arkansas,35.83018283,-90.63235729,110332.0
05033,Crawford,Arkansas,35.58928601,-94.2446814,63257.0
05035,Crittenden,Arkansas,35.21247318,-90.30839406,47955.0
05037,Cross,Arkansas,35.29631396,-90.77185818,16419.0
05039,Dallas,Arkansas,33.97042763,-92.65167437,7009.0
05041,Desha,Arkansas,33.83011025,-91.25500948,11361.0
05043,Drew,Arkansas,33.59035001,-91.71777921,18219.0
05045,Faulkner,Arkansas,35.14719007,-92.33717519,126007.0
05047,Franklin,Arkansas,35.51202821,-93.89299569,17715.0
05049,Fulton,Arkansas,36.38177105,-91.81729127,12477.0
05051,Garland,Arkansas,34.57692074,-93.14921604,99386.0
05053,Grant,Arkansas,34.29017991,-92.42320562,18265.0
05055,Greene,Arkansas,36.1173546,-90.55832668,45325.0
05057,Hempstead,Arkansas,33.73325583,-93.66935133,21532.0
05059,Hot Spring,Arkansas,34.31709259,-92.95396325,33771.0
05061,Howard,Arkansas,34.09007427,-93.9934871,13202.0
05063,Independence,Arkansas,35.74242707,-91.57001641,37825.0
05065,Izard,Arkansas,36.09604046,-91.90847954,13629.0
05067,Jackson,Arkansas,35.59802983,-91.21494602,16719.0
05069,Jefferson,Arkansas,34.26767081,-91.92619839,66824.0
05071,Johnson,Arkansas,35.56759135,-93.46036368,26578.0
05073,Lafayette,Arkansas,33.24116713,-93.60677071,6624.0
05075,Lawrence,Arkansas,36.04188196,-91.10867198,16406.0
05077,Lee,Arkansas,34.78498904,-90.78383866,8857.0
05079,Lincoln,Arkansas,33.95317155,-91.74002806,13024.0
05081,Little River,Arkansas,33.70375665,-94.23468591,12259.0
05083,Logan,Arkansas,35.21413234,-93.71951016,21466.0
05085,Lonoke,Arkansas,34.75392199,-91.88742357,73309.0
05087,Madison,Arkansas,36.01038185,-93.72524943,16576.0
05089,Marion,Arkansas,36.26844485,-92.68451899,16694.0
05091,Miller,Arkansas,33.31403423,-93.89285258,43257.0
05093,Mississippi,Arkansas,35.76271485,-90.0519437,40651.0
05095,Monroe,Arkansas,34.6815935,-91.20540287,6701.0
05097,Montgomery,Arkansas,34.53704874,-93.65824478,8986.0
05099,Nevada,Arkansas,33.66340119,-93.30632432,8252.0
05101,Newton,Arkansas,35.91947491,-93.21612969,7753.0
05103,Ouachita,Arkansas,33.58839816,-92.87795984,23382.0
05105,Perry,Arkansas,34.9459153,-92.94372564,10455.0
05107,Phillips,Arkansas,34.43268455,-90.84800154,17782.0
05109,Pike,Arkansas,34.16250414,-93.65789349,10718.0
05111,Poinsett,Arkansas,35.57433534,-90.66268713,23528.0
05113,Polk,Arkansas,34.48254879,-94.22728802,19964.0
05115,Pope,Arkansas,35.44871474,-93.03212219,64072.0
05117,Prairie,Arkansas,34.83624419,-91.55162157,8062.0
05119,Pulaski,Arkansas,34.77054088,-92.31355101,391911.0
05121,Randolph,Arkansas,36.3415714,-91.02455531,17958.0
05123,St. Francis,Arkansas,35.02201976,-90.74828138,24994.0
05125,Saline,Arkansas,34.64916145,-92.67583224,122437.0
05127,Scott,Arkansas,34.85588887,-94.0632176,10281.0
05129,Searcy,Arkansas,35.9109364,-92.69936482,7881.0
05131,Sebastian,Arkansas,35.19605503,-94.27162713,127827.0
05133,Sevier,Arkansas,33.99780401,-94.2424869,17007.0
05135,Sharp,Arkansas,36.16258158,-91.47819342,17442.0
05137,Stone,Arkansas,35.86251946,-92.15684085,12506.0
05139,Union,Arkansas,33.16887091,-92.59746952,38682.0
05141,Van Buren,Arkansas,35.58095779,-92.51295036,16545.0
05143,Washington,Arkansas,35.976844,-94.21800746,239187.0
05145,White,Arkansas,35.25688493,-91.74908296,78753.0
05147,Woodruff,Arkansas,35.18902527,-91.2439489,6320.0
05149,Yell,Arkansas,35.00292371,-93.41171338,21341.0
06001,Alameda,California,37.64629437,-121.8929271,1671329.0
06003,Alpine,California,38.59678594,-119.8223594,1129.0
06005,Amador,California,38.44583082,-120.65696,39752.0
06007,Butte,California,39.66727762,-121.6005252,219186.0
06009,Calaveras,California,38.20537103,-120.552913,45905.0
06011,Colusa,California,39.17881957,-122.2331726,21547.0
06013,Contra Costa,California,37.91923498,-121.9289527,1153526.0
06015,Del Norte,California,41.74228275,-123.8974063,27812.0
06017,El Dorado,California,38.77965956,-120.5233166,192843.0
06019,Fresno,California,36.75733899,-119.6466953,999101.0
06021,Glenn,California,39.59875897,-122.3938452,28393.0
06023,Humboldt,California,40.69923009,-123.876044,135558.0
06025,Imperial,California,33.0393082,-115.3669042,181215.0
06027,Inyo,California,36.51112084,-117.4111978,18039.0
06029,Kern,California,35.34329425,-118.7277796,900202.0
06031,Kings,California,36.07409056,-119.8159973,152940.0
06033,Lake,California,39.10124298,-122.7536244,64386.0
06035,Lassen,California,40.67311306,-120.5935099,30573.0
06037,Los Angeles,California,34.30828379,-118.2282411,10039107.0
06039,Madera,California,37.21513971,-119.7665589,157327.0
06041,Marin,California,38.07122463,-122.7210631,258826.0
06043,Mariposa,California,37.57978556,-119.9073334,17203.0
06045,Mendocino,California,39.4381191,-123.3911313,86749.0
06047,Merced,California,37.18922369,-120.7209035,277680.0
06049,Modoc,California,41.58965602,-120.7244817,8841.0
06051,Mono,California,37.93899289,-118.8872409,14444.0
06053,Monterey,California,36.21862405,-121.2413397,434061.0
06055,Napa,California,38.50735751,-122.332839,137744.0
06057,Nevada,California,39.30394768,-120.7627281,99755.0
06059,Orange,California,33.70147516,-117.7645998,3175692.0
06061,Placer,California,39.06167234,-120.7240569,398329.0
06063,Plumas,California,40.00355989,-120.8395236,18807.0
06065,Riverside,California,33.74314981,-115.9933578,2470546.0
06067,Sacramento,California,38.45106826,-121.3425374,1552058.0
06069,San Benito,California,36.60308176,-121.069975,62808.0
06071,San Bernardino,California,34.84060306,-116.1774685,2180085.0
06073,San Diego,California,33.03484597,-116.7365326,3338330.0
06075,San Francisco,California,37.75215114,-122.4385672,881549.0
06077,San Joaquin,California,37.93433732,-121.2730061,762148.0
06079,San Luis Obispo,California,35.38822029,-120.4039028,283111.0
06081,San Mateo,California,37.4228808,-122.3275546,766573.0
06083,Santa Barbara,California,34.65329488,-120.0188492,446499.0
06085,Santa Clara,California,37.23104908,-121.6970462,1927852.0
06087,Santa Cruz,California,37.05580291,-122.0066524,273213.0
06089,Shasta,California,40.76391419,-122.0396884,180080.0
06091,Sierra,California,39.57713498,-120.5200701,3005.0
06093,Siskiyou,California,41.59198861,-122.5407434,43539.0
06095,Solano,California,38.26827353,-121.9357113,447643.0
06097,Sonoma,California,38.52746429,-122.8862506,494336.0
06099,Stanislaus,California,37.55862499,-120.9970722,550660.0
06101,Sutter,California,39.03417539,-121.6945899,96971.0
06103,Tehama,California,40.12570935,-122.2370171,65084.0
06105,Trinity,California,40.6491767,-123.114713,12285.0
06107,Tulare,California,36.22026558,-118.8020203,466195.0
06109,Tuolumne,California,38.02644018,-119.9525093,54478.0
06111,Ventura,California,34.44465746,-119.0910613,846006.0
06113,Yolo,California,38.68278902,-121.9018288,220500.0
06115,Yuba,California,39.26255932,-121.3535644,78668.0
08001,Adams,Colorado,39.87432092,-104.3362578,517421.0
08003,Alamosa,Colorado,37.57250606,-105.7885451,16233.0
08005,Arapahoe,Colorado,39.64977461,-104.3353617,656590.0
08007,Archuleta,Colorado,37.19474156,-107.0476867,14029.0
08009,Baca,Colorado,37.31940883,-102.5603223,3581.0
08011,Bent,Colorado,37.95474293,-103.0720195,5577.0
08013,Boulder,Colorado,40.09313619,-105.3546767,326196.0
08014,Broomfield,Colorado,39.95998787,-105.0566324,70465.0
08015,Chaffee,Colorado,38.74745778,-106.1926573,20356.0
08017,Cheyenne,Colorado,38.82777431,-102.6032558,1831.0
08019,Clear Creek,Colorado,39.68864463,-105.6463118,9700.0
08021,Conejos,Colorado,37.201606,-106.1917488,8205.0
08023,Costilla,Colorado,37.27732493,-105.4276548,3887.0
08025,Crowley,Colorado,38.32608609,-103.7844965,6061.0
08027,Custer,Colorado,38.10883162,-105.3683478,5068.0
08029,Delta,Colorado,38.86246243,-107.8631342,31162.0
08031,Denver,Colorado,39.76018276,-104.8725695,727211.0
08033,Dolores,Colorado,37.75208676,-108.5211585,2055.0
08035,Douglas,Colorado,39.33133796,-104.930001,351154.0
08037,Eagle,Colorado,39.62754308,-106.6933637,55127.0
08039,Elbert,Colorado,39.28656773,-104.1358721,26729.0
08041,El Paso,Colorado,38.83240149,-104.5251411,720403.0
08043,Fremont,Colorado,38.47362326,-105.4399667,47839.0
08045,Garfield,Colorado,39.59921777,-107.902708,60061.0
08047,Gilpin,Colorado,39.85646523,-105.5252597,6243.0
08049,Grand,Colorado,40.10603347,-106.1178042,15734.0
08051,Gunnison,Colorado,38.66611652,-107.0320729,17462.0
08053,Hinsdale,Colorado,37.82247444,-107.3004345,820.0
08055,Huerfano,Colorado,37.68473101,-104.9612585,6897.0
08057,Jackson,Colorado,40.6659387,-106.3408905,1392.0
08059,Jefferson,Colorado,39.58635604,-105.2517692,582881.0
08061,Kiowa,Colorado,38.43260896,-102.7392145,1406.0
08063,Kit Carson,Colorado,39.30497777,-102.6022199,7097.0
08065,Lake,Colorado,39.20278823,-106.3555697,8127.0
08067,La Plata,Colorado,37.28632032,-107.8429014,56221.0
08069,Larimer,Colorado,40.66671597,-105.4625784,356899.0
08071,Las Animas,Colorado,37.3153406,-104.0376458,14506.0
08073,Lincoln,Colorado,38.98749519,-103.5136649,5701.0
08075,Logan,Colorado,40.7249637,-103.110817,22409.0
08077,Mesa,Colorado,39.01787888,-108.469799,154210.0
08079,Mineral,Colorado,37.66954283,-106.9281698,769.0
08081,Moffat,Colorado,40.61810999,-108.2070876,13283.0
08083,Montezuma,Colorado,37.33859579,-108.5958857,26183.0
08085,Montrose,Colorado,38.40214114,-108.2639022,42758.0
08087,Morgan,Colorado,40.2627981,-103.8093302,29068.0
08089,Otero,Colorado,37.9014485,-103.7173385,18278.0
08091,Ouray,Colorado,38.14717457,-107.7675136,4952.0
08093,Park,Colorado,39.120926,-105.7182065,18845.0
08095,Phillips,Colorado,40.59414277,-102.3577703,4265.0
08097,Pitkin,Colorado,39.21720112,-106.9310027,17767.0
08099,Prowers,Colorado,37.95544985,-102.3926052,12172.0
08101,Pueblo,Colorado,38.17359144,-104.5127437,168424.0
08103,Rio Blanco,Colorado,39.97913541,-108.2179009,6324.0
08105,Rio Grande,Colorado,37.5836865,-106.3847838,11267.0
08107,Routt,Colorado,40.48596505,-106.9905548,25638.0
08109,Saguache,Colorado,38.08054629,-106.282466,6824.0
08111,San Juan,Colorado,37.76248981,-107.6763289,728.0
08113,San Miguel,Colorado,38.00450883,-108.4020725,8179.0
08115,Sedgwick,Colorado,40.87595412,-102.3519227,2248.0
08117,Summit,Colorado,39.63803232,-106.1150762,31011.0
08119,Teller,Colorado,38.88133511,-105.1614893,25388.0
08121,Washington,Colorado,39.97015535,-103.202587,4908.0
08123,Weld,Colorado,40.55499405,-104.3929621,324492.0
08125,Yuma,Colorado,40.00346839,-102.4258673,10019.0
09001,Fairfield,Connecticut,41.26809896,-73.3881171,943332.0
09003,Hartford,Connecticut,41.80283011,-72.73103891,891720.0
09005,Litchfield,Connecticut,41.7937534,-73.2451475,180333.0
09007,Middlesex,Connecticut,41.45949668,-72.53714864,162436.0
09009,New Haven,Connecticut,41.4080325,-72.93620426,854757.0
09011,New London,Connecticut,41.48896435,-72.10430976,265206.0
09013,Tolland,Connecticut,41.85853803,-72.3308481,150721.0
09015,Windham,Connecticut,41.82972709,-71.98182316,116782.0
10001,Kent,Delaware,39.08646628,-75.56884914,180786.0
10003,New Castle,Delaware,39.57992638,-75.64054974,558753.0
10005,Sussex,Delaware,38.66143781,-75.39031349,234225.0
11001,District of Columbia,District of Columbia,38.90417773,-77.01655992,705749.0
12001,Alachua,Florida,29.67866525,-82.35928158,269043.0
12003,Baker,Florida,30.33060121,-82.28467476,29210.0
12005,Bay,Florida,30.26548745,-85.62122584,174705.0
12007,Bradford,Florida,29.95079741,-82.16611613,28201.0
12009,Brevard,Florida,28.29409504,-80.73091022,601942.0
12011,Broward,Florida,26.15184651,-80.48725556,1952778.0
12013,Calhoun,Florida,30.40666734,-85.19394153,14105.0
12015,Charlotte,Florida,26.90131002,-81.92949121,188910.0
12017,Citrus,Florida,28.84804315,-82.47614748,149657.0
12019,Clay,Florida,29.98319144,-81.85609986,219252.0
12021,Collier,Florida,26.11091986,-81.34687065,384902.0
12023,Columbia,Florida,30.22509788,-82.62160164,71686.0
12027,DeSoto,Florida,27.18677893,-81.80941373,38001.0
12029,Dixie,Florida,29.60631086,-83.15724673,16826.0
12031,Duval,Florida,30.33225875,-81.66976468,957755.0
12033,Escambia,Florida,30.67652764,-87.37284571,318316.0
12035,Flagler,Florida,29.45933576,-81.31508595,115081.0
12037,Franklin,Florida,29.83791238,-84.82731662,12125.0
12039,Gadsden,Florida,30.57796289,-84.61915825,45660.0
12041,Gilchrist,Florida,29.72856978,-82.79880657,18582.0
12043,Glades,Florida,26.95635849,-81.18996211,13811.0
12045,Gulf,Florida,29.93543004,-85.2427099,13639.0
12047,Hamilton,Florida,30.49673973,-82.94998918,14428.0
12049,Hardee,Florida,27.49293939,-81.80956574,26937.0
12051,Hendry,Florida,26.55386945,-81.16469006,42022.0
12053,Hernando,Florida,28.55364461,-82.42700204,193920.0
12055,Highlands,Florida,27.34254618,-81.34071957,106221.0
12057,Hillsborough,Florida,27.9276559,-82.32013172,1471968.0
12059,Holmes,Florida,30.86747479,-85.81319222,19617.0
12061,Indian River,Florida,27.69308961,-80.60556721,159923.0
12063,Jackson,Florida,30.7954597,-85.21500423,46414.0
12065,Jefferson,Florida,30.43669112,-83.89442308,14246.0
12067,Lafayette,Florida,29.98484137,-83.18166636,8422.0
12069,Lake,Florida,28.76202069,-81.7125123,367118.0
12071,Lee,Florida,26.58410348,-81.88399313,770577.0
12073,Leon,Florida,30.45955727,-84.27491114,293582.0
12075,Levy,Florida,29.31829741,-82.74007147,41503.0
12077,Liberty,Florida,30.23766008,-84.8829258,8354.0
12079,Madison,Florida,30.44396917,-83.47398594,18493.0
12081,Manatee,Florida,27.47196942,-82.31831044,403253.0
12083,Marion,Florida,29.21227113,-82.05803627,365579.0
12085,Martin,Florida,27.0772071,-80.43109784,161000.0
12086,Miami-Dade,Florida,25.6112362,-80.55170587,2716940.0
12087,Monroe,Florida,25.20904673,-81.07812416,74228.0
12089,Nassau,Florida,30.61037141,-81.80297522,88625.0
12091,Okaloosa,Florida,30.69143028,-86.59267105,210738.0
12093,Okeechobee,Florida,27.3863362,-80.88944347,42168.0
12095,Orange,Florida,28.51367621,-81.31799498,1393452.0
12097,Osceola,Florida,28.06312234,-81.14882926,375751.0
12099,Palm Beach,Florida,26.64676272,-80.46536002,1496770.0
12101,Pasco,Florida,28.30810945,-82.40227529,553947.0
12103,Pinellas,Florida,27.93130349,-82.72239666,974996.0
12105,Polk,Florida,27.95027105,-81.69732947,724777.0
12107,Putnam,Florida,29.60779729,-81.74230285,74521.0
12109,St. Johns,Florida,29.90096506,-81.43589967,264672.0
12111,St. Lucie,Florida,27.37763908,-80.47106649,328297.0
12113,Santa Rosa,Florida,30.6934145,-87.02458128,184313.0
12115,Sarasota,Florida,27.18546175,-82.33174248,433742.0
12117,Seminole,Florida,28.7158582,-81.24060348,471826.0
12119,Sumter,Florida,28.70181754,-82.0794267,132420.0
12121,Suwannee,Florida,30.19746066,-82.9909967,44417.0
12123,Taylor,Florida,30.04848048,-83.60445406,21569.0
12125,Union,Florida,30.04412971,-82.37497443,15237.0
12127,Volusia,Florida,29.05858895,-81.18263252,553284.0
12129,Wakulla,Florida,30.16548905,-84.39895211,33739.0
12131,Walton,Florida,30.64204028,-86.16935664,74071.0
12133,Washington,Florida,30.61359259,-85.66002461,25473.0
13001,Appling,Georgia,31.74847232,-82.28909114,18386.0
13003,Atkinson,Georgia,31.29633502,-82.87545866,8165.0
13005,Bacon,Georgia,31.55456473,-82.45936528,11164.0
13007,Baker,Georgia,31.32669878,-84.44218806,3038.0
13009,Baldwin,Georgia,33.06882326,-83.24701748,44890.0
13011,Banks,Georgia,34.35607081,-83.49644388,19234.0
13013,Barrow,Georgia,33.99148694,-83.71436292,83240.0
13015,Bartow,Georgia,34.23732119,-84.83887523,107738.0
13017,Ben Hill,Georgia,31.76095874,-83.22145359,16700.0
13019,Berrien,Georgia,31.27590016,-83.2252992,19397.0
13021,Bibb,Georgia,32.80904227,-83.70489165,153159.0
13023,Bleckley,Georgia,32.43829035,-83.33035166,12873.0
13025,Brantley,Georgia,31.19576557,-81.97743999,19109.0
13027,Brooks,Georgia,30.83922642,-83.58303423,15457.0
13029,Bryan,Georgia,32.00979311,-81.44002948,39627.0
13031,Bulloch,Georgia,32.39577406,-81.74811421,79608.0
13033,Burke,Georgia,33.05917989,-81.99928721,22383.0
13035,Butts,Georgia,33.2830945,-83.9543504,24936.0
13037,Calhoun,Georgia,31.53169785,-84.62725131,6189.0
13039,Camden,Georgia,30.92951916,-81.66601818,54666.0
13043,Candler,Georgia,32.40209349,-82.07702563,10803.0
13045,Carroll,Georgia,33.58138199,-85.07976677,119992.0
13047,Catoosa,Georgia,34.89872298,-85.13757014,67580.0
13049,Charlton,Georgia,30.78371028,-82.13951596,13392.0
13051,Chatham,Georgia,32.00043026,-81.12489526,289430.0
13053,Chattahoochee,Georgia,32.34341231,-84.78809239,10907.0
13055,Chattooga,Georgia,34.47197698,-85.34535662,24789.0
13057,Cherokee,Georgia,34.24393976,-84.47431861,258773.0
13059,Clarke,Georgia,33.95436462,-83.37124007,128331.0
13061,Clay,Georgia,31.62221166,-84.97713865,2834.0
13063,Clayton,Georgia,33.54187245,-84.35594188,292256.0
13065,Clinch,Georgia,30.91395822,-82.70432472,6618.0
13067,Cobb,Georgia,33.94243204,-84.5761255,760141.0
13069,Coffee,Georgia,31.54892966,-82.8549206,43273.0
13071,Colquitt,Georgia,31.18810588,-83.7677946,45600.0
13073,Columbia,Georgia,33.54534185,-82.263524,156714.0
13075,Cook,Georgia,31.16068491,-83.42947229,17270.0
13077,Coweta,Georgia,33.35334302,-84.76129976,148509.0
13079,Crawford,Georgia,32.71391813,-83.98061238,12404.0
13081,Crisp,Georgia,31.92289565,-83.76811843,22372.0
13083,Dade,Georgia,34.8549167,-85.50490424,16116.0
13085,Dawson,Georgia,34.44244079,-84.16964071,26108.0
13087,Decatur,Georgia,30.87967778,-84.57619536,26404.0
13089,DeKalb,Georgia,33.76944049,-84.22396017,759297.0
13091,Dodge,Georgia,32.17265114,-83.16948926,20605.0
13093,Dooly,Georgia,32.15630737,-83.79746561,13390.0
13095,Dougherty,Georgia,31.53328528,-84.21722377,87956.0
13097,Douglas,Georgia,33.70291126,-84.77026156,146343.0
13099,Early,Georgia,31.32155345,-84.90255207,10190.0
13101,Echols,Georgia,30.71101099,-82.89687287,4006.0
13103,Effingham,Georgia,32.36616021,-81.34280942,64296.0
13105,Elbert,Georgia,34.11302332,-82.83936148,19194.0
13107,Emanuel,Georgia,32.59221302,-82.30239915,22646.0
13109,Evans,Georgia,32.15328841,-81.8870105,10654.0
13111,Fannin,Georgia,34.86430205,-84.316964,26188.0
13113,Fayette,Georgia,33.41357794,-84.49089434,114421.0
13115,Floyd,Georgia,34.26268279,-85.21577392,98498.0
13117,Forsyth,Georgia,34.22604035,-84.1231513,244252.0
13119,Franklin,Georgia,34.37525597,-83.23159927,23349.0
13121,Fulton,Georgia,33.79216944,-84.46319413,1063937.0
13123,Gilmer,Georgia,34.69316688,-84.45802506,31369.0
13125,Glascock,Georgia,33.22879932,-82.61297636,2971.0
13127,Glynn,Georgia,31.23279254,-81.53811412,85292.0
13129,Gordon,Georgia,34.50487351,-84.87296253,57963.0
13131,Grady,Georgia,30.87454847,-84.23418364,24633.0
13133,Greene,Georgia,33.5769205,-83.17139104,18324.0
13135,Gwinnett,Georgia,33.96044201,-84.02137802,936250.0
13137,Habersham,Georgia,34.63331566,-83.53094677,45328.0
13139,Hall,Georgia,34.32207823,-83.81896936,204441.0
13141,Hancock,Georgia,33.2721566,-82.99766919,8457.0
13143,Haralson,Georgia,33.79602175,-85.21005667,29792.0
13145,Harris,Georgia,32.73709786,-84.90538572,35236.0
13147,Hart,Georgia,34.34626973,-82.96567682,26205.0
13149,Heard,Georgia,33.29686567,-85.12886832,11923.0
13151,Henry,Georgia,33.4533428,-84.1481466,234561.0
13153,Houston,Georgia,32.45802497,-83.66879087,157863.0
13155,Irwin,Georgia,31.60213036,-83.27501387,9416.0
13157,Jackson,Georgia,34.13794553,-83.56814788,72977.0
13159,Jasper,Georgia,33.31535543,-83.68844964,14219.0
13161,Jeff Davis,Georgia,31.80405727,-82.6372487,15115.0
13163,Jefferson,Georgia,33.05867328,-82.41609057,15362.0
13165,Jenkins,Georgia,32.79248718,-81.96040187,8676.0
13167,Johnson,Georgia,32.70211082,-82.66166794,9643.0
13169,Jones,Georgia,33.02512137,-83.56019163,28735.0
13171,Lamar,Georgia,33.07841647,-84.14263877,19077.0
13173,Lanier,Georgia,31.0382857,-83.06472457,10423.0
13175,Laurens,Georgia,32.46325233,-82.92221316,47546.0
13177,Lee,Georgia,31.7793306,-84.14324253,29992.0
13179,Liberty,Georgia,31.82588896,-81.49251135,61435.0
13181,Lincoln,Georgia,33.79201475,-82.45024131,7921.0
13183,Long,Georgia,31.75218791,-81.74952375,19559.0
13185,Lowndes,Georgia,30.83568832,-83.27056716,117406.0
13187,Lumpkin,Georgia,34.57286511,-84.00425681,33610.0
13189,McDuffie,Georgia,33.47851918,-82.48252774,21312.0
13191,McIntosh,Georgia,31.49683595,-81.40163426,14378.0
13193,Macon,Georgia,32.35207048,-84.04234127,12947.0
13195,Madison,Georgia,34.12920917,-83.21218732,29880.0
13197,Marion,Georgia,32.3483402,-84.52733571,8359.0
13199,Meriwether,Georgia,33.04163534,-84.68859732,21167.0
13201,Miller,Georgia,31.16568912,-84.73151117,5718.0
13205,Mitchell,Georgia,31.22483255,-84.19381821,21863.0
13207,Monroe,Georgia,33.014289,-83.92097166,27578.0
13209,Montgomery,Georgia,32.17201038,-82.53527476,9172.0
13211,Morgan,Georgia,33.59232073,-83.49129491,19276.0
13213,Murray,Georgia,34.78897608,-84.74993177,40096.0
13215,Muscogee,Georgia,32.50931999,-84.87142262,195769.0
13217,Newton,Georgia,33.55514538,-83.8454714,111744.0
13219,Oconee,Georgia,33.83749973,-83.43679568,40280.0
13221,Oglethorpe,Georgia,33.8786296,-83.08278123,15259.0
13223,Paulding,Georgia,33.91969522,-84.86848792,168667.0
13225,Peach,Georgia,32.56934316,-83.82937,27546.0
13227,Pickens,Georgia,34.46589159,-84.46406611,32591.0
13229,Pierce,Georgia,31.35928155,-82.21598442,19465.0
13231,Pike,Georgia,33.09310242,-84.38790389,18962.0
13233,Polk,Georgia,34.00267074,-85.18677781,42613.0
13235,Pulaski,Georgia,32.23334561,-83.4754996,11137.0
13237,Putnam,Georgia,33.32056115,-83.37552891,22119.0
13239,Quitman,Georgia,31.86728114,-85.01773177,2299.0
13241,Rabun,Georgia,34.88389445,-83.40304637,17137.0
13243,Randolph,Georgia,31.76622818,-84.75732369,6778.0
13245,Richmond,Georgia,33.35777107,-82.07026432,202518.0
13247,Rockdale,Georgia,33.65145002,-84.02202167,90896.0
13249,Schley,Georgia,32.2654021,-84.31258912,5257.0
13251,Screven,Georgia,32.74976524,-81.60779441,13966.0
13253,Seminole,Georgia,30.93464824,-84.86823924,8090.0
13255,Spalding,Georgia,33.26310031,-84.28013991,66703.0
13257,Stephens,Georgia,34.55151201,-83.29405315,25925.0
13259,Stewart,Georgia,32.07996777,-84.83208037,6621.0
13261,Sumter,Georgia,32.03650571,-84.19821492,29524.0
13263,Talbot,Georgia,32.69642758,-84.53351366,6195.0
13265,Taliaferro,Georgia,33.56543317,-82.88136816,1537.0
13267,Tattnall,Georgia,32.04785085,-82.05539188,25286.0
13269,Taylor,Georgia,32.55792548,-84.25077141,8020.0
13271,Telfair,Georgia,31.92829517,-82.93491155,15860.0
13273,Terrell,Georgia,31.77527543,-84.44069698,8531.0
13275,Thomas,Georgia,30.86392347,-83.91847289,44451.0
13277,Tift,Georgia,31.45743864,-83.5236119,40644.0
13279,Toombs,Georgia,32.12059861,-82.32957247,26830.0
13281,Towns,Georgia,34.91369188,-83.7410746,12037.0
13283,Treutlen,Georgia,32.40422134,-82.56904553,6901.0
13285,Troup,Georgia,33.03349196,-85.02812115,69922.0
13287,Turner,Georgia,31.71612656,-83.62069378,7985.0
13289,Twiggs,Georgia,32.67435595,-83.43078662,8120.0
13291,Union,Georgia,34.82995757,-83.98967069,24511.0
13293,Upson,Georgia,32.87920671,-84.30024826,26320.0
13295,Walker,Georgia,34.73376362,-85.30165174,69761.0
13297,Walton,Georgia,33.78017694,-83.73552314,94593.0
13299,Ware,Georgia,31.05449097,-82.42224148,35734.0
13301,Warren,Georgia,33.41146451,-82.67795848,5254.0
13303,Washington,Georgia,32.96711864,-82.79357039,20374.0
13305,Wayne,Georgia,31.5521809,-81.91894878,29927.0
13307,Webster,Georgia,32.04066113,-84.54742852,2607.0
13309,Wheeler,Georgia,32.12009104,-82.72574721,7855.0
13311,White,Georgia,34.64624278,-83.74905525,30798.0
13313,Whitfield,Georgia,34.80987459,-84.96093476,104628.0
13315,Wilcox,Georgia,31.97496928,-83.43438555,8635.0
13317,Wilkes,Georgia,33.78290391,-82.74286107,9777.0
13319,Wilkinson,Georgia,32.80291082,-83.17140684,8954.0
13321,Worth,Georgia,31.55162306,-83.85090513,20247.0
15001,Hawaii,Hawaii,19.60121157,-155.5210167,201513.0
15003,Honolulu,Hawaii,21.45803166,-157.9712182,974563.0
15005,Kalawao,Hawaii,21.17882515,-156.9583592,86.0
15007,Kauai,Hawaii,22.03935037,-159.5966786,72293.0
15009,Maui,Hawaii,20.86399628,-156.5689097,167417.0
16001,Ada,Idaho,43.4526575,-116.2415516,481587.0
16003,Adams,Idaho,44.89333571,-116.4545247,4294.0
16005,Bannock,Idaho,42.67002716,-112.2233311,87808.0
16007,Bear Lake,Idaho,42.28269683,-111.3289238,6125.0
16009,Benewah,Idaho,47.21754179,-116.6586851,9298.0
16011,Bingham,Idaho,43.2167288,-112.3978437,46811.0
16013,Blaine,Idaho,43.4085812,-113.9752658,23021.0
16015,Boise,Idaho,43.98829931,-115.7309284,7831.0
16017,Bonner,Idaho,48.29996017,-116.6017932,45739.0
16019,Bonneville,Idaho,43.38713372,-111.6161537,119062.0
16021,Boundary,Idaho,48.76684761,-116.4630179,12245.0
16023,Butte,Idaho,43.72592209,-113.1735463,2597.0
16025,Camas,Idaho,43.46665742,-114.8065892,1106.0
16027,Canyon,Idaho,43.61970148,-116.7095499,229849.0
16029,Caribou,Idaho,42.77149116,-111.5597683,7155.0
16031,Cassia,Idaho,42.28347888,-113.6012409,24030.0
16033,Clark,Idaho,44.28496071,-112.3505704,845.0
16035,Clearwater,Idaho,46.67459924,-115.6622393,8756.0
16037,Custer,Idaho,44.24186819,-114.2855494,4315.0
16039,Elmore,Idaho,43.3507101,-115.4701578,27511.0
16041,Franklin,Idaho,42.18332217,-111.8149666,13876.0
16043,Fremont,Idaho,44.22800938,-111.4809943,13099.0
16045,Gem,Idaho,44.06482372,-116.398376,18112.0
16047,Gooding,Idaho,42.96927962,-114.8108306,15179.0
16049,Idaho,Idaho,45.84721541,-115.4634436,16667.0
16051,Jefferson,Idaho,43.82078483,-112.3131749,29871.0
16053,Jerome,Idaho,42.68891267,-114.2655033,24412.0
16055,Kootenai,Idaho,47.67282258,-116.7020872,165697.0
16057,Latah,Idaho,46.81587887,-116.7113698,40108.0
16059,Lemhi,Idaho,44.9438088,-113.9309747,8027.0
16061,Lewis,Idaho,46.23315327,-116.434146,3838.0
16063,Lincoln,Idaho,43.0012336,-114.1358773,5366.0
16065,Madison,Idaho,43.78141028,-111.6538474,39907.0
16067,Minidoka,Idaho,42.85518524,-113.6357257,21039.0
16069,Nez Perce,Idaho,46.32638236,-116.7500975,40408.0
16071,Oneida,Idaho,42.1949428,-112.5407838,4531.0
16073,Owyhee,Idaho,42.58016894,-116.1693871,11823.0
16075,Payette,Idaho,44.00545243,-116.7647695,23951.0
16077,Power,Idaho,42.69254894,-112.8395742,7681.0
16079,Shoshone,Idaho,47.35364087,-115.8916749,12882.0
16081,Teton,Idaho,43.75303583,-111.2056773,12142.0
16083,Twin Falls,Idaho,42.35440512,-114.6685381,86878.0
16085,Valley,Idaho,44.76728382,-115.5676773,11392.0
16087,Washington,Idaho,44.45275475,-116.7847688,10194.0
17001,Adams,Illinois,39.98815591,-91.18786813,65435.0
17003,Alexander,Illinois,37.18049267,-89.32910838,5761.0
17005,Bond,Illinois,38.88829622,-89.43534887,16426.0
17007,Boone,Illinois,42.32359279,-88.82345779,53544.0
17009,Brown,Illinois,39.96209138,-90.75068024,6578.0
17011,Bureau,Illinois,41.40385234,-89.5283051,32628.0
17013,Calhoun,Illinois,39.16840183,-90.66330078,4739.0
17015,Carroll,Illinois,42.06823429,-89.93395545,14305.0
17017,Cass,Illinois,39.96991073,-90.24734436,12147.0
17019,Champaign,Illinois,40.13919438,-88.20046615,209689.0
17021,Christian,Illinois,39.54581621,-89.27780482,32304.0
17023,Clark,Illinois,39.33425789,-87.78705622,15441.0
17025,Clay,Illinois,38.75388572,-88.48914513,13184.0
17027,Clinton,Illinois,38.60704876,-89.42385254,37562.0
17029,Coles,Illinois,39.51949084,-88.22358557,50621.0
17031,Cook,Illinois,41.84144849,-87.81658794,5150233.0
17033,Crawford,Illinois,39.0032229,-87.75954624,18667.0
17035,Cumberland,Illinois,39.27432424,-88.2401158,10766.0
17037,DeKalb,Illinois,41.89373302,-88.76958483,104897.0
17039,De Witt,Illinois,40.17514519,-88.90959682,15638.0
17041,Douglas,Illinois,39.76768052,-88.21854195,19465.0
17043,DuPage,Illinois,41.85116968,-88.08642662,922921.0
17045,Edgar,Illinois,39.6809186,-87.74759563,17161.0
17047,Edwards,Illinois,38.41353228,-88.05720863,6395.0
17049,Effingham,Illinois,39.05935711,-88.58969584,34008.0
17051,Fayette,Illinois,39.00072038,-89.02452658,21336.0
17053,Ford,Illinois,40.59706922,-88.22350769,12961.0
17055,Franklin,Illinois,37.99189086,-88.92567818,38469.0
17057,Fulton,Illinois,40.47289135,-90.20862357,34340.0
17059,Gallatin,Illinois,37.76430935,-88.22953869,4828.0
17061,Greene,Illinois,39.35907414,-90.388865,12969.0
17063,Grundy,Illinois,41.28569601,-88.41905692,51054.0
17065,Hamilton,Illinois,38.08163641,-88.53883373,8116.0
17067,Hancock,Illinois,40.40423981,-91.16313899,17708.0
17069,Hardin,Illinois,37.51810645,-88.26873022,3821.0
17071,Henderson,Illinois,40.81908672,-90.92491462,6646.0
17073,Henry,Illinois,41.3533994,-90.13296166,48913.0
17075,Iroquois,Illinois,40.74717633,-87.82466784,27114.0
17077,Jackson,Illinois,37.78595185,-89.38232563,56750.0
17079,Jasper,Illinois,39.01054275,-88.15437049,9610.0
17081,Jefferson,Illinois,38.29980057,-88.9240025,37684.0
17083,Jersey,Illinois,39.08869046,-90.35393073,21773.0
17085,Jo Daviess,Illinois,42.36542373,-90.21094405,21235.0
17087,Johnson,Illinois,37.45939802,-88.88165419,12417.0
17089,Kane,Illinois,41.93842729,-88.42861412,532403.0
17091,Kankakee,Illinois,41.13746989,-87.86205334,109862.0
17093,Kendall,Illinois,41.59081014,-88.42869583,128990.0
17095,Knox,Illinois,40.93148779,-90.2133034,49699.0
17097,Lake,Illinois,42.3224907,-88.00367925,696535.0
17099,LaSalle,Illinois,41.3442613,-88.88633881,108669.0
17101,Lawrence,Illinois,38.71987914,-87.72884035,15678.0
17103,Lee,Illinois,41.74583951,-89.29977132,34096.0
17105,Livingston,Illinois,40.89188292,-88.55784752,35648.0
17107,Logan,Illinois,40.12581572,-89.36638784,28618.0
17109,McDonough,Illinois,40.45674722,-90.67775541,29682.0
17111,McHenry,Illinois,42.32451172,-88.45248227,307774.0
17113,McLean,Illinois,40.48996987,-88.84621113,171517.0
17115,Macon,Illinois,39.86064913,-88.96342505,104009.0
17117,Macoupin,Illinois,39.26119767,-89.92424028,44926.0
17119,Madison,Illinois,38.83042506,-89.90422563,262966.0
17121,Marion,Illinois,38.64963204,-88.91899208,37205.0
17123,Marshall,Illinois,41.0327901,-89.34510444,11438.0
17125,Mason,Illinois,40.23917274,-89.91824452,13359.0
17127,Massac,Illinois,37.22078441,-88.71036614,13772.0
17129,Menard,Illinois,40.02742725,-89.80246001,12196.0
17131,Mercer,Illinois,41.20596782,-90.74290052,15437.0
17133,Monroe,Illinois,38.27594376,-90.17761038,34637.0
17135,Montgomery,Illinois,39.23198845,-89.47809254,28414.0
17137,Morgan,Illinois,39.71654544,-90.20255104,33658.0
17139,Moultrie,Illinois,39.64187451,-88.62099969,14501.0
17141,Ogle,Illinois,42.04165196,-89.32184679,50643.0
17143,Peoria,Illinois,40.78702156,-89.76078901,179179.0
17145,Perry,Illinois,38.08510853,-89.36856219,20916.0
17147,Piatt,Illinois,40.01360584,-88.59319339,16344.0
17149,Pike,Illinois,39.62265059,-90.8877017,15561.0
17151,Pope,Illinois,37.41391284,-88.56152109,4177.0
17153,Pulaski,Illinois,37.22631423,-89.13085001,5335.0
17155,Putnam,Illinois,41.2013541,-89.2869272,5739.0
17157,Randolph,Illinois,38.05095369,-89.82512254,31782.0
17159,Richland,Illinois,38.71240969,-88.08475366,15513.0
17161,Rock Island,Illinois,41.46613806,-90.57042164,141879.0
17163,St. Clair,Illinois,38.46996033,-89.93063427,259686.0
17165,Saline,Illinois,37.75332999,-88.54119706,23491.0
17167,Sangamon,Illinois,39.75836914,-89.65872023,194672.0
17169,Schuyler,Illinois,40.1571798,-90.61114163,6768.0
17171,Scott,Illinois,39.6429169,-90.47814431,4951.0
17173,Shelby,Illinois,39.39133527,-88.80611122,21634.0
17175,Stark,Illinois,41.09309773,-89.79745866,5342.0
17177,Stephenson,Illinois,42.35129217,-89.662598,44498.0
17179,Tazewell,Illinois,40.50716185,-89.51404662,131803.0
17181,Union,Illinois,37.47119609,-89.25548938,16653.0
17183,Vermilion,Illinois,40.18417171,-87.73384359,75758.0
17185,Wabash,Illinois,38.44272901,-87.84922065,11520.0
17187,Warren,Illinois,40.84925021,-90.6147432,16844.0
17189,Washington,Illinois,38.35309213,-89.40982703,13887.0
17191,Wayne,Illinois,38.42955355,-88.42586459,16215.0
17193,White,Illinois,38.08706198,-88.17657461,13537.0
17195,Whiteside,Illinois,41.75509713,-89.91556058,55175.0
17197,Will,Illinois,41.44619267,-87.97862712,690743.0
17199,Williamson,Illinois,37.73033511,-88.92994027,66597.0
17201,Winnebago,Illinois,42.33641854,-89.16085327,282572.0
17203,Woodford,Illinois,40.78579374,-89.20973757,38459.0
18001,Adams,Indiana,40.7457653,-84.93671406,35777.0
18003,Allen,Indiana,41.09194313,-85.06800636,379299.0
18005,Bartholomew,Indiana,39.20744865,-85.89558181,83779.0
18007,Benton,Indiana,40.60626947,-87.31093999,8748.0
18009,Blackford,Indiana,40.47388153,-85.32499702,11758.0
18011,Boone,Indiana,40.0509304,-86.46841646,67843.0
18013,Brown,Indiana,39.19605589,-86.22868909,15092.0
18015,Carroll,Indiana,40.5807832,-86.56198812,20257.0
18017,Cass,Indiana,40.76135835,-86.34830753,37689.0
18019,Clark,Indiana,38.48015445,-85.70510334,118302.0
18021,Clay,Indiana,39.39561833,-87.11723506,26225.0
18023,Clinton,Indiana,40.30319754,-86.47277257,32399.0
18025,Crawford,Indiana,38.28814402,-86.44518825,10577.0
18027,Daviess,Indiana,38.70186039,-87.07185406,33351.0
18029,Dearborn,Indiana,39.14647946,-84.97333539,49458.0
18031,Decatur,Indiana,39.30712658,-85.50087166,26559.0
18033,DeKalb,Indiana,41.39804622,-84.99906934,43475.0
18035,Delaware,Indiana,40.22787247,-85.39732772,114135.0
18037,Dubois,Indiana,38.36597551,-86.8792417,42736.0
18039,Elkhart,Indiana,41.59761169,-85.85875695,206341.0
18041,Fayette,Indiana,39.63684962,-85.17797541,23102.0
18043,Floyd,Indiana,38.32117957,-85.90385377,78522.0
18045,Fountain,Indiana,40.12361933,-87.24217689,16346.0
18047,Franklin,Indiana,39.4142482,-85.06062647,22758.0
18049,Fulton,Indiana,41.0469907,-86.26252745,19974.0
18051,Gibson,Indiana,38.30393723,-87.58054938,33659.0
18053,Grant,Indiana,40.51587228,-85.65468702,65769.0
18055,Greene,Indiana,39.03630547,-86.96223202,31922.0
18057,Hamilton,Indiana,40.07306535,-86.05244729,338011.0
18059,Hancock,Indiana,39.82304555,-85.77566351,78168.0
18061,Harrison,Indiana,38.19467379,-86.10948271,40515.0
18063,Hendricks,Indiana,39.76719009,-86.51037283,170311.0
18065,Henry,Indiana,39.93029017,-85.39625719,47972.0
18067,Howard,Indiana,40.48527731,-86.11351892,82544.0
18069,Huntington,Indiana,40.82907273,-85.48822092,36520.0
18071,Jackson,Indiana,38.9091582,-86.03851889,44231.0
18073,Jasper,Indiana,41.02078733,-87.11553319,33562.0
18075,Jay,Indiana,40.43781032,-85.00576229,20436.0
18077,Jefferson,Indiana,38.78576239,-85.43633383,32308.0
18079,Jennings,Indiana,38.99588883,-85.62710784,27735.0
18081,Johnson,Indiana,39.48994426,-86.10149107,158167.0
18083,Knox,Indiana,38.68861576,-87.4194665,36594.0
18085,Kosciusko,Indiana,41.24521668,-85.86312322,79456.0
18087,LaGrange,Indiana,41.64232188,-85.42674232,39614.0
18089,Lake,Indiana,41.41874274,-87.38277575,485493.0
18091,LaPorte,Indiana,41.54366008,-86.74072188,109888.0
18093,Lawrence,Indiana,38.84112637,-86.48361629,45370.0
18095,Madison,Indiana,40.16143691,-85.71964711,129569.0
18097,Marion,Indiana,39.78163624,-86.13826325,964582.0
18099,Marshall,Indiana,41.32467367,-86.26185087,46258.0
18101,Martin,Indiana,38.7099921,-86.80373186,10255.0
18103,Miami,Indiana,40.76940965,-86.04525048,35516.0
18105,Monroe,Indiana,39.16130004,-86.52414358,148431.0
18107,Montgomery,Indiana,40.04034823,-86.89335024,38338.0
18109,Morgan,Indiana,39.47899078,-86.44573375,70489.0
18111,Newton,Indiana,40.95610449,-87.39635768,13984.0
18113,Noble,Indiana,41.39672484,-85.41966713,47744.0
18115,Ohio,Indiana,38.955305,-84.96515993,5875.0
18117,Orange,Indiana,38.5411892,-86.49523093,19646.0
18119,Owen,Indiana,39.31145587,-86.83900724,20799.0
18121,Parke,Indiana,39.77202286,-87.20375833,16937.0
18123,Perry,Indiana,38.07809328,-86.63741946,19169.0
18125,Pike,Indiana,38.40112197,-87.23574907,12389.0
18127,Porter,Indiana,41.45986947,-87.06848888,170389.0
18129,Posey,Indiana,38.02097333,-87.86480429,25427.0
18131,Pulaski,Indiana,41.04166107,-86.69890683,12353.0
18133,Putnam,Indiana,39.66437981,-86.84517605,37576.0
18135,Randolph,Indiana,40.15734772,-85.01139319,24665.0
18137,Ripley,Indiana,39.10235626,-85.26212744,28324.0
18139,Rush,Indiana,39.62002287,-85.4655599,16581.0
18141,St. Joseph,Indiana,41.61756781,-86.29040834,271826.0
18143,Scott,Indiana,38.68672078,-85.74627859,23873.0
18145,Shelby,Indiana,39.52305623,-85.7915857,44729.0
18147,Spencer,Indiana,38.01519732,-87.0079644,20277.0
18149,Starke,Indiana,41.27890281,-86.64686895,22995.0
18151,Steuben,Indiana,41.64423868,-85.00101094,34594.0
18153,Sullivan,Indiana,39.08952258,-87.41414469,20669.0
18155,Switzerland,Indiana,38.82767338,-85.03022429,10751.0
18157,Tippecanoe,Indiana,40.38872739,-86.89413959,195732.0
18159,Tipton,Indiana,40.31123252,-86.05234925,15148.0
18161,Union,Indiana,39.62550777,-84.92497066,7054.0
18163,Vanderburgh,Indiana,38.02658833,-87.58763124,181451.0
18165,Vermillion,Indiana,39.8523352,-87.46160542,15498.0
18167,Vigo,Indiana,39.42944561,-87.39169027,107038.0
18169,Wabash,Indiana,40.84704239,-85.79328272,30996.0
18171,Warren,Indiana,40.34728141,-87.35602659,8265.0
18173,Warrick,Indiana,38.08922676,-87.2716085,62998.0
18175,Washington,Indiana,38.60219804,-86.1049363,28036.0
18177,Wayne,Indiana,39.8633444,-85.01044989,65884.0
18179,Wells,Indiana,40.72934187,-85.22132966,28296.0
18181,White,Indiana,40.74911165,-86.86492015,24102.0
18183,Whitley,Indiana,41.13863784,-85.50791236,33964.0
19001,Adair,Iowa,41.33075609,-94.47105874,7152.0
19003,Adams,Iowa,41.02903567,-94.69932645,3602.0
19005,Allamakee,Iowa,43.28383218,-91.37860922,13687.0
19007,Appanoose,Iowa,40.74324454,-92.86865906,12426.0
19009,Audubon,Iowa,41.6844628,-94.90581859,5496.0
19011,Benton,Iowa,42.08011739,-92.06463573,25645.0
19013,Black Hawk,Iowa,42.4704581,-92.30524729,131228.0
19015,Boone,Iowa,42.03657094,-93.9313999,26234.0
19017,Bremer,Iowa,42.77461496,-92.31795937,25062.0
19019,Buchanan,Iowa,42.4709188,-91.83510825,21175.0
19021,Buena Vista,Iowa,42.73545875,-95.15100162,19620.0
19023,Butler,Iowa,42.73172833,-92.79015971,14439.0
19025,Calhoun,Iowa,42.38521079,-94.64046046,9668.0
19027,Carroll,Iowa,42.03617207,-94.86032705,20165.0
19029,Cass,Iowa,41.33149454,-94.92792482,12836.0
19031,Cedar,Iowa,41.77233777,-91.13246684,18627.0
19033,Cerro Gordo,Iowa,43.08177563,-93.2612239,42450.0
19035,Cherokee,Iowa,42.73538914,-95.62389402,11235.0
19037,Chickasaw,Iowa,43.06001295,-92.31773347,11933.0
19039,Clarke,Iowa,41.02868181,-93.78499767,9395.0
19041,Clay,Iowa,43.08247182,-95.15096481,16016.0
19043,Clayton,Iowa,42.84443388,-91.34133693,17549.0
19045,Clinton,Iowa,41.89981633,-90.53275096,46429.0
19047,Crawford,Iowa,42.03718237,-95.3819718,16820.0
19049,Dallas,Iowa,41.68560356,-94.04127625,93453.0
19051,Davis,Iowa,40.74773536,-92.41005468,9000.0
19053,Decatur,Iowa,40.73742757,-93.78645949,7870.0
19055,Delaware,Iowa,42.47104597,-91.3664492,17011.0
19057,Des Moines,Iowa,40.92012606,-91.18326592,38967.0
19059,Dickinson,Iowa,43.37787725,-95.1510206,17258.0
19061,Dubuque,Iowa,42.46815349,-90.88181925,97311.0
19063,Emmet,Iowa,43.37782951,-94.67858943,9208.0
19065,Fayette,Iowa,42.86271799,-91.8441231,19650.0
19067,Floyd,Iowa,43.0600053,-92.78940097,15642.0
19069,Franklin,Iowa,42.73270384,-93.26256925,10070.0
19071,Fremont,Iowa,40.7454272,-95.60129045,6960.0
19073,Greene,Iowa,42.03614551,-94.39658081,8888.0
19075,Grundy,Iowa,42.40183723,-92.78829551,12232.0
19077,Guthrie,Iowa,41.68378965,-94.50111014,10689.0
19079,Hamilton,Iowa,42.38382428,-93.70197703,14773.0
19081,Hancock,Iowa,43.08178477,-93.73454884,10630.0
19083,Hardin,Iowa,42.38353877,-93.23654611,16846.0
19085,Harrison,Iowa,41.68330137,-95.81558439,14049.0
19087,Henry,Iowa,40.98767962,-91.54436349,19954.0
19089,Howard,Iowa,43.35671042,-92.31702714,9158.0
19091,Humboldt,Iowa,42.7764426,-94.20722537,9558.0
19093,Ida,Iowa,42.38696136,-95.51355387,6860.0
19095,Iowa,Iowa,41.68630265,-92.0643373,16184.0
19097,Jackson,Iowa,42.17178824,-90.57354837,19439.0
19099,Jasper,Iowa,41.68576082,-93.05567785,37185.0
19101,Jefferson,Iowa,41.03192394,-91.94849466,18295.0
19103,Johnson,Iowa,41.67169354,-91.58754744,151140.0
19105,Jones,Iowa,42.12118609,-91.13139641,20681.0
19107,Keokuk,Iowa,41.33649833,-92.1785067,10246.0
19109,Kossuth,Iowa,43.20405458,-94.20691791,14813.0
19111,Lee,Iowa,40.64181461,-91.48183025,33657.0
19113,Linn,Iowa,42.07923082,-91.59809485,226706.0
19115,Louisa,Iowa,41.21842119,-91.26102611,11035.0
19117,Lucas,Iowa,41.02958964,-93.32780803,8600.0
19119,Lyon,Iowa,43.38107862,-96.20926845,11755.0
19121,Madison,Iowa,41.33081904,-94.01554631,16338.0
19123,Mahaska,Iowa,41.33521503,-92.64083907,22095.0
19125,Marion,Iowa,41.33445101,-93.09934783,33253.0
19127,Marshall,Iowa,42.03586837,-92.9990819,39369.0
19129,Mills,Iowa,41.03299766,-95.61920963,15109.0
19131,Mitchell,Iowa,43.35638371,-92.78887719,10586.0
19133,Monona,Iowa,42.05220391,-95.95743843,8615.0
19135,Monroe,Iowa,41.02988815,-92.8690667,7707.0
19137,Montgomery,Iowa,41.03018714,-95.15642896,9917.0
19139,Muscatine,Iowa,41.48370744,-91.1121697,42664.0
19141,O'Brien,Iowa,43.08310673,-95.62474482,13753.0
19143,Osceola,Iowa,43.37824276,-95.62422844,5958.0
19145,Page,Iowa,40.7393172,-95.1497813,15107.0
19147,Palo Alto,Iowa,43.08193849,-94.67824621,8886.0
19149,Plymouth,Iowa,42.737633,-96.21366621,25177.0
19151,Pocahontas,Iowa,42.73420133,-94.67862564,6619.0
19153,Polk,Iowa,41.68679484,-93.57767461,490161.0
19155,Pottawattamie,Iowa,41.33640314,-95.53907776,93206.0
19157,Poweshiek,Iowa,41.68625425,-92.53155731,18504.0
19159,Ringgold,Iowa,40.73518949,-94.24368535,4894.0
19161,Sac,Iowa,42.38624071,-95.10547892,9721.0
19163,Scott,Iowa,41.63935978,-90.61959493,172943.0
19165,Shelby,Iowa,41.6850066,-95.31015553,11454.0
19167,Sioux,Iowa,43.08221074,-96.1767568,34855.0
19169,Story,Iowa,42.03621213,-93.46499005,97117.0
19171,Tama,Iowa,42.07991767,-92.53266945,16854.0
19173,Taylor,Iowa,40.73710579,-94.69778563,6121.0
19175,Union,Iowa,41.0277278,-94.24234847,12241.0
19177,Van Buren,Iowa,40.75326764,-91.95017958,7044.0
19179,Wapello,Iowa,41.03064984,-92.40954728,34969.0
19181,Warren,Iowa,41.33559454,-93.56007641,51466.0
19183,Washington,Iowa,41.33577126,-91.71725711,21965.0
19185,Wayne,Iowa,40.73969028,-93.32752197,6441.0
19187,Webster,Iowa,42.42853483,-94.17987389,35904.0
19189,Winnebago,Iowa,43.37751174,-93.73407298,10354.0
19191,Winneshiek,Iowa,43.29094334,-91.84422722,19991.0
19193,Woodbury,Iowa,42.38979414,-96.0459439,103107.0
19195,Worth,Iowa,43.37750768,-93.26087602,7381.0
19197,Wright,Iowa,42.73305373,-93.73515113,12562.0
20001,Allen,Kansas,37.88582951,-95.30030847,12369.0
20003,Anderson,Kansas,38.21413251,-95.29272815,7858.0
20005,Atchison,Kansas,39.53185661,-95.30870026,16073.0
20007,Barber,Kansas,37.2288586,-98.68460053,4427.0
20009,Barton,Kansas,38.47889676,-98.75636726,25779.0
20011,Bourbon,Kansas,37.85508555,-94.84865997,14534.0
20013,Brown,Kansas,39.82652589,-95.56421698,9564.0
20015,Butler,Kansas,37.78134351,-96.83878537,66911.0
20017,Chase,Kansas,38.30292938,-96.59563862,2648.0
20019,Chautauqua,Kansas,37.14994405,-96.2454192,3250.0
20021,Cherokee,Kansas,37.16928494,-94.8462897,19939.0
20023,Cheyenne,Kansas,39.78580976,-101.7318201,2657.0
20025,Clark,Kansas,37.23577007,-99.81883015,1994.0
20027,Clay,Kansas,39.34948772,-97.16518128,8002.0
20029,Cloud,Kansas,39.48028352,-97.64925343,8786.0
20031,Coffey,Kansas,38.2365018,-95.73379515,8179.0
20033,Comanche,Kansas,37.1911452,-99.27113247,1700.0
20035,Cowley,Kansas,37.23781842,-96.83776647,34908.0
20037,Crawford,Kansas,37.50675523,-94.85245778,38818.0
20039,Decatur,Kansas,39.78468441,-100.4594081,2827.0
20041,Dickinson,Kansas,38.86600962,-97.15532383,18466.0
20043,Doniphan,Kansas,39.79067154,-95.14056866,7600.0
20045,Douglas,Kansas,38.88503636,-95.2925121,122259.0
20047,Edwards,Kansas,37.88735543,-99.31263309,2798.0
20049,Elk,Kansas,37.45338105,-96.24369667,2530.0
20051,Ellis,Kansas,38.91458712,-99.31751551,28553.0
20053,Ellsworth,Kansas,38.69677695,-98.20462799,6102.0
20055,Finney,Kansas,38.04340344,-100.7381938,36467.0
20057,Ford,Kansas,37.69200114,-99.88825298,33619.0
20059,Franklin,Kansas,38.56443815,-95.28644341,25544.0
20061,Geary,Kansas,38.99871131,-96.7577178,31670.0
20063,Gove,Kansas,38.91588178,-100.4829321,2636.0
20065,Graham,Kansas,39.34987223,-99.88332493,2482.0
20067,Grant,Kansas,37.56227336,-101.3079758,7150.0
20069,Gray,Kansas,37.73836671,-100.4369088,5988.0
20071,Greeley,Kansas,38.4808095,-101.8061079,1232.0
20073,Greenwood,Kansas,37.8774388,-96.23250453,5982.0
20075,Hamilton,Kansas,37.99978709,-101.7921066,2539.0
20077,Harper,Kansas,37.19175361,-98.07578384,5436.0
20079,Harvey,Kansas,38.04293782,-97.42747573,34429.0
20081,Haskell,Kansas,37.5620394,-100.8710738,3968.0
20083,Hodgeman,Kansas,38.08780079,-99.89829881,1794.0
20085,Jackson,Kansas,39.41673394,-95.79356799,13171.0
20087,Jefferson,Kansas,39.2347941,-95.38289232,19043.0
20089,Jewell,Kansas,39.78470589,-98.21820662,2879.0
20091,Johnson,Kansas,38.88548175,-94.82250877,602401.0
20093,Kearny,Kansas,38.00017981,-101.321681,3838.0
20095,Kingman,Kansas,37.55909527,-98.13638678,7152.0
20097,Kiowa,Kansas,37.55848695,-99.2856537,2475.0
20099,Labette,Kansas,37.19113093,-95.29849679,19618.0
20101,Lane,Kansas,38.48119447,-100.4660754,1535.0
20103,Leavenworth,Kansas,39.20183497,-95.03620809,81758.0
20105,Lincoln,Kansas,39.04549684,-98.20756994,2962.0
20107,Linn,Kansas,38.21267844,-94.84254089,9703.0
20109,Logan,Kansas,38.91735806,-101.148475,2794.0
20111,Lyon,Kansas,38.45576156,-96.15275715,33195.0
20113,McPherson,Kansas,38.39184858,-97.64769869,28542.0
20115,Marion,Kansas,38.35855394,-97.0985251,11884.0
20117,Marshall,Kansas,39.78359669,-96.52278974,9707.0
20119,Meade,Kansas,37.23859987,-100.364831,4033.0
20121,Miami,Kansas,38.56383358,-94.83832189,34237.0
20123,Mitchell,Kansas,39.39331582,-98.20906732,5979.0
20125,Montgomery,Kansas,37.19236568,-95.74329258,31829.0
20127,Morris,Kansas,38.68827511,-96.65128437,5620.0
20129,Morton,Kansas,37.19141121,-101.7992519,2587.0
20131,Nemaha,Kansas,39.78345387,-96.01392079,10231.0
20133,Neosho,Kansas,37.55862897,-95.30670046,16007.0
20135,Ness,Kansas,38.47974157,-99.91547333,2750.0
20137,Norton,Kansas,39.78443827,-99.90286639,5361.0
20139,Osage,Kansas,38.65235984,-95.72707998,15949.0
20141,Osborne,Kansas,39.3503437,-98.76753828,3421.0
20143,Ottawa,Kansas,39.13237408,-97.65020313,5704.0
20145,Pawnee,Kansas,38.18108732,-99.23692334,6414.0
20147,Phillips,Kansas,39.78465501,-99.34668865,5234.0
20149,Pottawatomie,Kansas,39.37925655,-96.34564657,24383.0
20151,Pratt,Kansas,37.64780729,-98.73922153,9164.0
20153,Rawlins,Kansas,39.78525843,-101.0761617,2530.0
20155,Reno,Kansas,37.95230263,-98.08607292,61998.0
20157,Republic,Kansas,39.82799632,-97.65036709,4636.0
20159,Rice,Kansas,38.34616184,-98.19992118,9537.0
20161,Riley,Kansas,39.28935726,-96.73420026,74232.0
20163,Rooks,Kansas,39.35022773,-99.32484567,4920.0
20165,Rush,Kansas,38.52275276,-99.30863983,3036.0
20167,Russell,Kansas,38.91462787,-98.76254297,6856.0
20169,Saline,Kansas,38.78369175,-97.65185177,54224.0
20171,Scott,Kansas,38.48222076,-100.9066539,4823.0
20173,Sedgwick,Kansas,37.6842718,-97.4608198,516042.0
20175,Seward,Kansas,37.19324632,-100.8507201,21428.0
20177,Shawnee,Kansas,39.04100763,-95.7557264,176875.0
20179,Sheridan,Kansas,39.35018161,-100.4418259,2521.0
20181,Sherman,Kansas,39.35147699,-101.7197624,5917.0
20183,Smith,Kansas,39.78516566,-98.78566062,3583.0
20185,Stafford,Kansas,38.03100851,-98.71762001,4156.0
20187,Stanton,Kansas,37.56304714,-101.7843534,2006.0
20189,Stevens,Kansas,37.1923008,-101.3118967,5485.0
20191,Sumner,Kansas,37.23682549,-97.47721621,22836.0
20193,Thomas,Kansas,39.35107575,-101.0553705,7777.0
20195,Trego,Kansas,38.91467218,-99.87284448,2803.0
20197,Wabaunsee,Kansas,38.95471985,-96.20350509,6931.0
20199,Wallace,Kansas,38.91686134,-101.7638876,1518.0
20201,Washington,Kansas,39.78420784,-97.0875323,5406.0
20203,Wichita,Kansas,38.48178252,-101.3471509,2119.0
20205,Wilson,Kansas,37.55937174,-95.74323255,8525.0
20207,Woodson,Kansas,37.8865336,-95.74006277,3138.0
20209,Wyandotte,Kansas,39.11727348,-94.76378225,165429.0
21001,Adair,Kentucky,37.10459774,-85.28129668,19202.0
21003,Allen,Kentucky,36.75197631,-86.19457544,21315.0
21005,Anderson,Kentucky,38.00671029,-84.99171713,22747.0
21007,Ballard,Kentucky,37.05842757,-88.99427697,7888.0
21009,Barren,Kentucky,36.96469836,-85.93338945,44249.0
21011,Bath,Kentucky,38.14735938,-83.74588932,12500.0
21013,Bell,Kentucky,36.73355174,-83.67766671,26032.0
21015,Boone,Kentucky,38.97065142,-84.72615357,133581.0
21017,Bourbon,Kentucky,38.2054607,-84.21827874,19788.0
21019,Boyd,Kentucky,38.36176608,-82.68652187,46718.0
21021,Boyle,Kentucky,37.62680923,-84.8633779,30060.0
21023,Bracken,Kentucky,38.69158994,-84.08532444,8303.0
21025,Breathitt,Kentucky,37.52333168,-83.31959161,12630.0
21027,Breckinridge,Kentucky,37.77377239,-86.42885017,20477.0
21029,Bullitt,Kentucky,37.97162523,-85.68955617,81676.0
21031,Butler,Kentucky,37.20946153,-86.68748787,12879.0
21033,Caldwell,Kentucky,37.14749129,-87.86948214,12747.0
21035,Calloway,Kentucky,36.62093411,-88.2731593,39001.0
21037,Campbell,Kentucky,38.94384345,-84.37875208,93584.0
21039,Carlisle,Kentucky,36.85372876,-88.9669222,4760.0
21041,Carroll,Kentucky,38.66599534,-85.12601074,10631.0
21043,Carter,Kentucky,38.31690743,-83.05092385,26797.0
21045,Casey,Kentucky,37.32533118,-84.92726209,16159.0
21047,Christian,Kentucky,36.89267803,-87.49055367,70461.0
21049,Clark,Kentucky,37.9689263,-84.14615986,36263.0
21051,Clay,Kentucky,37.16451126,-83.712575,19901.0
21053,Clinton,Kentucky,36.72581156,-85.13377529,10218.0
21055,Crittenden,Kentucky,37.35839237,-88.0882609,8806.0
21057,Cumberland,Kentucky,36.78926125,-85.39050034,6614.0
21059,Daviess,Kentucky,37.73028906,-87.0901948,101511.0
21061,Edmonson,Kentucky,37.21218923,-86.23955613,12150.0
21063,Elliott,Kentucky,38.11624059,-83.09771563,7517.0
21065,Estill,Kentucky,37.69241417,-83.95956369,14106.0
21067,Fayette,Kentucky,38.0368225,-84.45576892,323152.0
21069,Fleming,Kentucky,38.36758311,-83.69657514,14581.0
21071,Floyd,Kentucky,37.56213922,-82.74750924,35589.0
21073,Franklin,Kentucky,38.2379395,-84.87962551,50991.0
21075,Fulton,Kentucky,36.55238827,-89.20140068,5969.0
21077,Gallatin,Kentucky,38.75398691,-84.8558382,8869.0
21079,Garrard,Kentucky,37.6388668,-84.53289319,17666.0
21081,Grant,Kentucky,38.64962758,-84.62415957,25069.0
21083,Graves,Kentucky,36.72292505,-88.65143315,37266.0
21085,Grayson,Kentucky,37.46231118,-86.34248968,26427.0
21087,Green,Kentucky,37.26484328,-85.5540745,10941.0
21089,Greenup,Kentucky,38.54332505,-82.9215658,35098.0
21091,Hancock,Kentucky,37.83766422,-86.78280584,8722.0
21093,Hardin,Kentucky,37.6976111,-85.96319251,110958.0
21095,Harlan,Kentucky,36.85699301,-83.21899516,26010.0
21097,Harrison,Kentucky,38.44188174,-84.32869741,18886.0
21099,Hart,Kentucky,37.29943898,-85.88461055,19035.0
21101,Henderson,Kentucky,37.79344553,-87.57392021,45210.0
21103,Henry,Kentucky,38.44942688,-85.11587507,16126.0
21105,Hickman,Kentucky,36.6794808,-88.97875928,4380.0
21107,Hopkins,Kentucky,37.30939025,-87.54670406,44686.0
21109,Jackson,Kentucky,37.41866422,-83.99825483,13329.0
21111,Jefferson,Kentucky,38.18664655,-85.65931031,766757.0
21113,Jessamine,Kentucky,37.87119786,-84.58252003,54115.0
21115,Johnson,Kentucky,37.85106355,-82.8264322,22188.0
21117,Kenton,Kentucky,38.93950319,-84.53241199,166998.0
21119,Knott,Kentucky,37.35388197,-82.94981134,14806.0
21121,Knox,Kentucky,36.89225732,-83.85403396,31145.0
21123,Larue,Kentucky,37.54567114,-85.70138352,14398.0
21125,Laurel,Kentucky,37.10975748,-84.11321779,60813.0
21127,Lawrence,Kentucky,38.07136018,-82.72882223,15317.0
21129,Lee,Kentucky,37.59645942,-83.71513901,7403.0
21131,Leslie,Kentucky,37.09246661,-83.37999606,9877.0
21133,Letcher,Kentucky,37.12306748,-82.85346474,21553.0
21135,Lewis,Kentucky,38.53184419,-83.37735618,13275.0
21137,Lincoln,Kentucky,37.45475628,-84.6565327,24549.0
21139,Livingston,Kentucky,37.21137452,-88.34797529,9194.0
21141,Logan,Kentucky,36.85949479,-86.877635,27102.0
21143,Lyon,Kentucky,37.02080035,-88.07886257,8210.0
21145,McCracken,Kentucky,37.05350953,-88.70445755,65418.0
21147,McCreary,Kentucky,36.73874143,-84.48102924,17231.0
21149,McLean,Kentucky,37.5301951,-87.26803443,9207.0
21151,Madison,Kentucky,37.71659336,-84.27220275,92987.0
21153,Magoffin,Kentucky,37.70820545,-83.0657714,12161.0
21155,Marion,Kentucky,37.55218078,-85.26898542,19273.0
21157,Marshall,Kentucky,36.8800707,-88.32803576,31100.0
21159,Martin,Kentucky,37.79990579,-82.51247478,11195.0
21161,Mason,Kentucky,38.59471935,-83.82151043,17070.0
21163,Meade,Kentucky,37.96163597,-86.21028219,28572.0
21165,Menifee,Kentucky,37.94090733,-83.59985712,6489.0
21167,Mercer,Kentucky,37.81474237,-84.87488475,21933.0
21169,Metcalfe,Kentucky,36.99459295,-85.63123699,10071.0
21171,Monroe,Kentucky,36.71225341,-85.71596443,10650.0
21173,Montgomery,Kentucky,38.03253032,-83.9145241,28157.0
21175,Morgan,Kentucky,37.92465657,-83.25558245,13309.0
21177,Muhlenberg,Kentucky,37.21425819,-87.14632053,30622.0
21179,Nelson,Kentucky,37.80335779,-85.4657193,46233.0
21181,Nicholas,Kentucky,38.33342292,-84.01889177,7269.0
21183,Ohio,Kentucky,37.47751843,-86.85368087,23994.0
21185,Oldham,Kentucky,38.39791089,-85.448222,66799.0
21187,Owen,Kentucky,38.51679143,-84.82404619,10901.0
21189,Owsley,Kentucky,37.42823949,-83.68811419,4415.0
21191,Pendleton,Kentucky,38.69607718,-84.35599463,14590.0
21193,Perry,Kentucky,37.25023553,-83.22922731,25758.0
21195,Pike,Kentucky,37.47088263,-82.39487445,57876.0
21197,Powell,Kentucky,37.83218794,-83.82553961,12359.0
21199,Pulaski,Kentucky,37.10466131,-84.57629079,64979.0
21201,Robertson,Kentucky,38.51923469,-84.05055616,2108.0
21203,Rockcastle,Kentucky,37.36642393,-84.31176452,16695.0
21205,Rowan,Kentucky,38.19484205,-83.42088935,24460.0
21207,Russell,Kentucky,36.99308373,-85.06070117,17923.0
21209,Scott,Kentucky,38.29622293,-84.5816631,57004.0
21211,Shelby,Kentucky,38.21476019,-85.194223,49024.0
21213,Simpson,Kentucky,36.74058474,-86.58047435,18572.0
21215,Spencer,Kentucky,38.03223971,-85.32749335,19351.0
21217,Taylor,Kentucky,37.3677562,-85.3329931,25769.0
21219,Todd,Kentucky,36.8381152,-87.17878374,12294.0
21221,Trigg,Kentucky,36.80767017,-87.87333656,14651.0
21223,Trimble,Kentucky,38.61056487,-85.33775972,8471.0
21225,Union,Kentucky,37.66166713,-87.94300009,14381.0
21227,Warren,Kentucky,36.99903045,-86.42672751,132896.0
21229,Washington,Kentucky,37.75599461,-85.17407732,12095.0
21231,Wayne,Kentucky,36.80310688,-84.8251971,20333.0
21233,Webster,Kentucky,37.52168356,-87.67989953,12942.0
21235,Whitley,Kentucky,36.75700531,-84.14541217,36264.0
21237,Wolfe,Kentucky,37.73941626,-83.49303612,7157.0
21239,Woodford,Kentucky,38.04178222,-84.7417556,26734.0
22001,Acadia,Louisiana,30.2950649,-92.41419698,62045.0
22003,Allen,Louisiana,30.65385745,-92.82442028,25627.0
22005,Ascension,Louisiana,30.20406249,-90.9132841,126604.0
22007,Assumption,Louisiana,29.89946234,-91.06461642,21891.0
22009,Avoyelles,Louisiana,31.07796211,-92.00079449,40144.0
22011,Beauregard,Louisiana,30.64836518,-93.34173616,37497.0
22013,Bienville,Louisiana,32.34569994,-93.05398492,13241.0
22015,Bossier,Louisiana,32.67932307,-93.60460152,127039.0
22017,Caddo,Louisiana,32.57991587,-93.88375652,240204.0
22019,Calcasieu,Louisiana,30.22931235,-93.35400434,203436.0
22021,Caldwell,Louisiana,32.0902519,-92.11752148,9918.0
22023,Cameron,Louisiana,29.87592238,-93.19310676,6973.0
22025,Catahoula,Louisiana,31.66778967,-91.84526385,9494.0
22027,Claiborne,Louisiana,32.82308512,-92.99526883,15670.0
22029,Concordia,Louisiana,31.44817835,-91.63814433,19259.0
22031,De Soto,Louisiana,32.05457447,-93.74130302,27463.0
22033,East Baton Rouge,Louisiana,30.53842039,-91.09777565,440059.0
22035,East Carroll,Louisiana,32.73926954,-91.23425694,6861.0
22037,East Feliciana,Louisiana,30.84425359,-91.04976723,19135.0
22039,Evangeline,Louisiana,30.72985248,-92.39915924,33395.0
22041,Franklin,Louisiana,32.13675181,-91.67589857,20015.0
22043,Grant,Louisiana,31.59882456,-92.56124347,22389.0
22045,Iberia,Louisiana,29.86803617,-91.75871777,69830.0
22047,Iberville,Louisiana,30.25734305,-91.3499598,32511.0
22049,Jackson,Louisiana,32.30251776,-92.55692092,15744.0
22051,Jefferson,Louisiana,29.74075478,-90.11115756,432493.0
22053,Jefferson Davis,Louisiana,30.26896765,-92.81210004,31368.0
22055,Lafayette,Louisiana,30.2049055,-92.06959876,244390.0
22057,Lafourche,Louisiana,29.52470226,-90.40976986,97614.0
22059,LaSalle,Louisiana,31.67884782,-92.15907765,14892.0
22061,Lincoln,Louisiana,32.6003154,-92.6659741,46742.0
22063,Livingston,Louisiana,30.44143993,-90.73061664,140789.0
22065,Madison,Louisiana,32.36918118,-91.23973355,10951.0
22067,Morehouse,Louisiana,32.81686191,-91.80421614,24874.0
22069,Natchitoches,Louisiana,31.72321584,-93.09816516,38158.0
22071,Orleans,Louisiana,30.06971951,-89.92660315,390144.0
22073,Ouachita,Louisiana,32.47645559,-92.15704172,153279.0
22075,Plaquemines,Louisiana,29.42245447,-89.60322085,23197.0
22077,Pointe Coupee,Louisiana,30.71409502,-91.60209535,21730.0
22079,Rapides,Louisiana,31.19778499,-92.52997303,129648.0
22081,Red River,Louisiana,32.09530039,-93.34213308,8442.0
22083,Richland,Louisiana,32.41391005,-91.76634876,20122.0
22085,Sabine,Louisiana,31.56388699,-93.55433981,23884.0
22087,St. Bernard,Louisiana,29.87761636,-89.51887093,47244.0
22089,St. Charles,Louisiana,29.90709658,-90.35555967,53100.0
22091,St. Helena,Louisiana,30.82210324,-90.71013176,10132.0
22093,St. James,Louisiana,30.02531716,-90.80212061,21096.0
22095,St. John the Baptist,Louisiana,30.12597499,-90.4753503,42837.0
22097,St. Landry,Louisiana,30.59724262,-92.00135806,82124.0
22099,St. Martin,Louisiana,30.13112107,-91.61403569,53431.0
22101,St. Mary,Louisiana,29.69262097,-91.44702164,49348.0
22103,St. Tammany,Louisiana,30.40942847,-89.95642711,260419.0
22105,Tangipahoa,Louisiana,30.62888673,-90.40664996,134758.0
22107,Tensas,Louisiana,32.00760749,-91.32915234,4334.0
22109,Terrebonne,Louisiana,29.37343766,-90.82626855,110461.0
22111,Union,Louisiana,32.83121059,-92.3749373,22108.0
22113,Vermilion,Louisiana,29.83517605,-92.30292538,59511.0
22115,Vernon,Louisiana,31.10884837,-93.18153838,47429.0
22117,Washington,Louisiana,30.85288548,-90.03866652,46194.0
22119,Webster,Louisiana,32.70847669,-93.33121835,38340.0
22121,West Baton Rouge,Louisiana,30.46058217,-91.30989571,26465.0
22123,West Carroll,Louisiana,32.78550125,-91.461201,10830.0
22125,West Feliciana,Louisiana,30.87882871,-91.4148538,15568.0
22127,Winn,Louisiana,31.94449367,-92.63789413,13904.0
23001,Androscoggin,Maine,44.1664747,-70.20380627,108277.0
23003,Aroostook,Maine,46.65926321,-68.59841248,67055.0
23005,Cumberland,Maine,43.8370751,-70.37226999,295003.0
23007,Franklin,Maine,44.97330019,-70.44381045,30199.0
23009,Hancock,Maine,44.59816444,-68.38401854,54987.0
23011,Kennebec,Maine,44.40759555,-69.76738544,122302.0
23013,Knox,Maine,44.11486325,-69.10529169,39772.0
23015,Lincoln,Maine,44.05996956,-69.54227124,34634.0
23017,Oxford,Maine,44.49952995,-70.75682123,57975.0
23019,Penobscot,Maine,45.40194593,-68.65020455,152148.0
23021,Piscataquis,Maine,45.83839062,-69.2860223,16785.0
23023,Sagadahoc,Maine,43.95415864,-69.85074999,35856.0
23025,Somerset,Maine,45.51229767,-69.95995554,50484.0
23027,Waldo,Maine,44.4858305,-69.12061935,39715.0
23029,Washington,Maine,45.01607142,-67.62813524,31379.0
23031,York,Maine,43.47808377,-70.71052375,207641.0
24001,Allegany,Maryland,39.62357628,-78.69280486,70416.0
24003,Anne Arundel,Maryland,39.00670238,-76.60329337,579234.0
24005,Baltimore,Maryland,39.45784712,-76.62911955,827370.0
24009,Calvert,Maryland,38.53961642,-76.56820632,92525.0
24011,Caroline,Maryland,38.87172293,-75.82904158,33406.0
24013,Carroll,Maryland,39.56453592,-77.02373735,168447.0
24015,Cecil,Maryland,39.56647682,-75.94627411,102855.0
24017,Charles,Maryland,38.51092331,-76.98580666,163257.0
24019,Dorchester,Maryland,38.45413522,-76.02752426,31929.0
24021,Frederick,Maryland,39.47296601,-77.39999394,259547.0
24023,Garrett,Maryland,39.52786077,-79.27355126,29014.0
24025,Harford,Maryland,39.55010644,-76.3077594,255441.0
24027,Howard,Maryland,39.25305293,-76.93126208,325690.0
24029,Kent,Maryland,39.24976208,-76.04741541,19422.0
24031,Montgomery,Maryland,39.13676329,-77.20358245,1050688.0
24033,Prince George's,Maryland,38.83070039,-76.8496441,909327.0
24035,Queen Anne's,Maryland,39.06198912,-76.03530977,50381.0
24037,St. Mary's,Maryland,38.30058422,-76.6062928,113510.0
24039,Somerset,Maryland,38.1163542,-75.75118623,25616.0
24041,Talbot,Maryland,38.76618159,-76.10882561,37181.0
24043,Washington,Maryland,39.60835778,-77.82002295,151049.0
24045,Wicomico,Maryland,38.37301947,-75.62705831,103609.0
24047,Worcester,Maryland,38.21274277,-75.33200012,52276.0
24510,Baltimore City,Maryland,39.30211911,-76.61151012,593490.0
25001,Barnstable,Massachusetts,41.72980578,-70.28854339,212990.0
25003,Berkshire,Massachusetts,42.37428441,-73.20524838,124944.0
25005,Bristol,Massachusetts,41.79228404,-71.10872211,565217.0
25007,Dukes,Massachusetts,41.40674725,-70.68763497,17332.0
25009,Essex,Massachusetts,42.6687626,-70.94687179,789034.0
25011,Franklin,Massachusetts,42.58119713,-72.58602547,70180.0
25013,Hampden,Massachusetts,42.13440424,-72.63235561,466372.0
25015,Hampshire,Massachusetts,42.33997957,-72.65898478,160830.0
25017,Middlesex,Massachusetts,42.48607732,-71.39049229,1611699.0
25019,Nantucket,Massachusetts,41.2942019,-70.08774729,11399.0
25021,Norfolk,Massachusetts,42.16073095,-71.20530408,706775.0
25023,Plymouth,Massachusetts,41.94070556,-70.80802823,521202.0
25025,Suffolk,Massachusetts,42.3279514,-71.07850442,803907.0
25027,Worcester,Massachusetts,42.35026951,-71.90493363,830622.0
26001,Alcona,Michigan,44.6846864,-83.59507875,10405.0
26003,Alger,Michigan,46.41292944,-86.60260122,9108.0
26005,Allegan,Michigan,42.59147037,-85.89102866,118081.0
26007,Alpena,Michigan,45.03477666,-83.62212411,28405.0
26009,Antrim,Michigan,44.99690221,-85.15503082,23324.0
26011,Arenac,Michigan,44.0636262,-83.89277559,14883.0
26013,Baraga,Michigan,46.6720582,-88.36363591,8209.0
26015,Barry,Michigan,42.59513984,-85.30834519,61550.0
26017,Bay,Michigan,43.70639106,-83.98731479,103126.0
26019,Benzie,Michigan,44.63899297,-86.01608482,17766.0
26021,Berrien,Michigan,41.95447397,-86.4131308,153401.0
26023,Branch,Michigan,41.91600556,-85.05929476,43517.0
26025,Calhoun,Michigan,42.24633834,-85.00493569,134159.0
26027,Cass,Michigan,41.91522292,-85.99405727,51787.0
26029,Charlevoix,Michigan,45.37790017,-85.19614053,26143.0
26031,Cheboygan,Michigan,45.44787015,-84.50122149,25276.0
26033,Chippewa,Michigan,46.29552653,-84.54353449,37349.0
26035,Clare,Michigan,43.98794227,-84.8481986,30950.0
26037,Clinton,Michigan,42.94400871,-84.60145248,79595.0
26039,Crawford,Michigan,44.68255561,-84.61006219,14029.0
26041,Delta,Michigan,45.9048491,-86.9080745,35784.0
26043,Dickinson,Michigan,46.00999672,-87.86961634,25239.0
26045,Eaton,Michigan,42.59599185,-84.83740035,110268.0
26047,Emmet,Michigan,45.52625509,-84.89083249,33415.0
26049,Genesee,Michigan,43.02244215,-83.70589709,405813.0
26051,Gladwin,Michigan,43.98901072,-84.38774817,25449.0
26053,Gogebic,Michigan,46.40862701,-89.69377193,13975.0
26055,Grand Traverse,Michigan,44.69565625,-85.55585247,93088.0
26057,Gratiot,Michigan,43.29265605,-84.60505416,40711.0
26059,Hillsdale,Michigan,41.88753639,-84.59312019,45605.0
26061,Houghton,Michigan,46.89988536,-88.68495385,35684.0
26063,Huron,Michigan,43.83353985,-83.04078453,30981.0
26065,Ingham,Michigan,42.59716886,-84.37472069,292406.0
26067,Ionia,Michigan,42.94502238,-85.07413319,64697.0
26069,Iosco,Michigan,44.35486835,-83.63484895,25127.0
26071,Iron,Michigan,46.20974132,-88.53136251,11066.0
26073,Isabella,Michigan,43.64060976,-84.84664923,69872.0
26075,Jackson,Michigan,42.24807035,-84.42258681,158510.0
26077,Kalamazoo,Michigan,42.24542231,-85.53038622,265066.0
26079,Kalkaska,Michigan,44.68512729,-85.09085699,18038.0
26081,Kent,Michigan,43.03197711,-85.54934642,656955.0
26083,Keweenaw,Michigan,47.63197653,-88.41434263,2116.0
26085,Lake,Michigan,43.99050893,-85.802173,11853.0
26087,Lapeer,Michigan,43.09052506,-83.22153148,87607.0
26089,Leelanau,Michigan,44.94430054,-85.80150326,21761.0
26091,Lenawee,Michigan,41.89475156,-84.06603727,98451.0
26093,Livingston,Michigan,42.60302282,-83.91297209,191995.0
26095,Luce,Michigan,46.47227431,-85.54471223,6229.0
26097,Mackinac,Michigan,46.07028979,-85.04980537,10799.0
26099,Macomb,Michigan,42.69158356,-82.92752801,873972.0
26101,Manistee,Michigan,44.33352407,-86.05626916,24558.0
26103,Marquette,Michigan,46.4338914,-87.64043701,66699.0
26105,Mason,Michigan,43.99509218,-86.24988902,29144.0
26107,Mecosta,Michigan,43.64064262,-85.32463223,43453.0
26109,Menominee,Michigan,45.58038692,-87.55370409,22780.0
26111,Midland,Michigan,43.64330771,-84.38804374,83156.0
26113,Missaukee,Michigan,44.33772443,-85.09256478,15118.0
26115,Monroe,Michigan,41.92734151,-83.53749864,150500.0
26117,Montcalm,Michigan,43.31082541,-85.15252824,63888.0
26119,Montmorency,Michigan,45.0275929,-84.12696227,9328.0
26121,Muskegon,Michigan,43.29123859,-86.15176712,173566.0
26123,Newaygo,Michigan,43.554374,-85.80070107,48980.0
26125,Oakland,Michigan,42.66090111,-83.38595416,1257584.0
26127,Oceana,Michigan,43.64124435,-86.26726673,26467.0
26129,Ogemaw,Michigan,44.33481032,-84.12725175,20997.0
26131,Ontonagon,Michigan,46.6652262,-89.31390481,5720.0
26133,Osceola,Michigan,43.98992088,-85.32566756,23460.0
26135,Oscoda,Michigan,44.68192279,-84.12939244,8241.0
26137,Otsego,Michigan,45.02085831,-84.59898295,24668.0
26139,Ottawa,Michigan,42.95996803,-85.9969107,291830.0
26141,Presque Isle,Michigan,45.34018577,-83.91498656,12592.0
26143,Roscommon,Michigan,44.33473082,-84.61067651,24019.0
26145,Saginaw,Michigan,43.33433923,-84.0513121,190539.0
26147,St. Clair,Michigan,42.92655373,-82.67937954,159128.0
26149,St. Joseph,Michigan,41.91441767,-85.52797979,60964.0
26151,Sanilac,Michigan,43.42406072,-82.82055898,41170.0
26153,Schoolcraft,Michigan,46.19235734,-86.19972234,8094.0
26155,Shiawassee,Michigan,42.953928,-84.14585902,68122.0
26157,Tuscola,Michigan,43.46606813,-83.41897025,52245.0
26159,Van Buren,Michigan,42.25190229,-86.01939087,75677.0
26161,Washtenaw,Michigan,42.253105,-83.83853204,367601.0
26163,Wayne,Michigan,42.28098405,-83.281255,1749343.0
26165,Wexford,Michigan,44.33853602,-85.57712739,33631.0
27001,Aitkin,Minnesota,46.60962049,-93.4116826,15886.0
27003,Anoka,Minnesota,45.27476015,-93.24604565,356921.0
27005,Becker,Minnesota,46.93479392,-95.67158144,34423.0
27007,Beltrami,Minnesota,47.97373527,-94.93732139,47188.0
27009,Benton,Minnesota,45.69804958,-93.99514135,40889.0
27011,Big Stone,Minnesota,45.42712824,-96.41403739,4991.0
27013,Blue Earth,Minnesota,44.03554215,-94.06699781,67653.0
27015,Brown,Minnesota,44.24205652,-94.72562874,25008.0
27017,Carlton,Minnesota,46.59180601,-92.67601019,35871.0
27019,Carver,Minnesota,44.82017001,-93.8009918,105089.0
27021,Cass,Minnesota,46.95043611,-94.32603968,29779.0
27023,Chippewa,Minnesota,45.02343421,-95.56403693,11800.0
27025,Chisago,Minnesota,45.5021011,-92.90861945,56579.0
27027,Clay,Minnesota,46.89289518,-96.48761922,64222.0
27029,Clearwater,Minnesota,47.57992111,-95.37790562,8818.0
27031,Cook,Minnesota,47.90504893,-90.52629546,5463.0
27033,Cottonwood,Minnesota,44.00715262,-95.18138802,11196.0
27035,Crow Wing,Minnesota,46.48096553,-94.06755609,65055.0
27037,Dakota,Minnesota,44.67172617,-93.06299363,429021.0
27039,Dodge,Minnesota,44.02238415,-92.86244324,20934.0
27041,Douglas,Minnesota,45.93348491,-95.45335469,38141.0
27043,Faribault,Minnesota,43.67381499,-93.94787458,13653.0
27045,Fillmore,Minnesota,43.67394126,-92.08980382,21067.0
27047,Freeborn,Minnesota,43.67385583,-93.34884422,30281.0
27049,Goodhue,Minnesota,44.40849741,-92.7234195,46340.0
27051,Grant,Minnesota,45.93424769,-96.01139609,5972.0
27053,Hennepin,Minnesota,45.00761521,-93.47694895,1265843.0
27055,Houston,Minnesota,43.67129565,-91.49143057,18600.0
27057,Hubbard,Minnesota,47.10778564,-94.91693868,21491.0
27059,Isanti,Minnesota,45.56181234,-93.29487636,40596.0
27061,Itasca,Minnesota,47.51009045,-93.63092229,45130.0
27063,Jackson,Minnesota,43.67423373,-95.15398258,9846.0
27065,Kanabec,Minnesota,45.9459309,-93.29275192,16337.0
27067,Kandiyohi,Minnesota,45.1526059,-95.00586446,43199.0
27069,Kittson,Minnesota,48.77754106,-96.78317184,4298.0
27071,Koochiching,Minnesota,48.24539665,-93.78352843,12229.0
27073,Lac qui Parle,Minnesota,44.9973857,-96.17488219,6623.0
27075,Lake,Minnesota,47.64270764,-91.44557998,10641.0
27077,Lake of the Woods,Minnesota,48.77217001,-94.90274472,3740.0
27079,Le Sueur,Minnesota,44.37136597,-93.72844721,28887.0
27081,Lincoln,Minnesota,44.41311883,-96.26688165,5639.0
27083,Lyon,Minnesota,44.41327865,-95.83806103,25474.0
27085,McLeod,Minnesota,44.82367677,-94.27287017,35893.0
27087,Mahnomen,Minnesota,47.32557075,-95.80921485,5527.0
27089,Marshall,Minnesota,48.35825983,-96.37017407,9336.0
27091,Martin,Minnesota,43.67429718,-94.55099908,19683.0
27093,Meeker,Minnesota,45.12328869,-94.52839455,23222.0
27095,Mille Lacs,Minnesota,45.93705297,-93.63236823,26277.0
27097,Morrison,Minnesota,46.01265363,-94.27341528,33386.0
27099,Mower,Minnesota,43.67142874,-92.75234549,40062.0
27101,Murray,Minnesota,44.02216709,-95.76328482,8194.0
27103,Nicollet,Minnesota,44.35291112,-94.24710352,34274.0
27105,Nobles,Minnesota,43.67434621,-95.75329576,21629.0
27107,Norman,Minnesota,47.32628443,-96.45620947,6375.0
27109,Olmsted,Minnesota,44.00374114,-92.40209944,158293.0
27111,Otter Tail,Minnesota,46.40846929,-95.70835255,58746.0
27113,Pennington,Minnesota,48.06642577,-96.0370814,14119.0
27115,Pine,Minnesota,46.12105238,-92.74070188,29579.0
27117,Pipestone,Minnesota,44.02301619,-96.25841142,9126.0
27119,Polk,Minnesota,47.77372465,-96.40134647,31364.0
27121,Pope,Minnesota,45.58606667,-95.44451209,11249.0
27123,Ramsey,Minnesota,45.01625271,-93.09872295,550321.0
27125,Red Lake,Minnesota,47.87197525,-96.09561104,4055.0
27127,Redwood,Minnesota,44.40555844,-95.25207021,15170.0
27129,Renville,Minnesota,44.72836381,-94.94553734,14548.0
27131,Rice,Minnesota,44.3543376,-93.29658715,66972.0
27133,Rock,Minnesota,43.67482683,-96.25296832,9315.0
27135,Roseau,Minnesota,48.77501878,-95.81079919,15165.0
27137,St. Louis,Minnesota,47.6048407,-92.46879855,199070.0
27139,Scott,Minnesota,44.6490231,-93.53340251,149013.0
27141,Sherburne,Minnesota,45.44447208,-93.77617511,97238.0
27143,Sibley,Minnesota,44.5796592,-94.23164924,14865.0
27145,Stearns,Minnesota,45.55192576,-94.61078221,161075.0
27147,Steele,Minnesota,44.02240351,-93.22627088,36649.0
27149,Stevens,Minnesota,45.58613007,-96.00163705,9805.0
27151,Swift,Minnesota,45.2829032,-95.68264092,9266.0
27153,Todd,Minnesota,46.06996226,-94.89785296,24664.0
27155,Traverse,Minnesota,45.77298854,-96.47062949,3259.0
27157,Wabasha,Minnesota,44.28424356,-92.23121312,21627.0
27159,Wadena,Minnesota,46.58589171,-94.96968506,13682.0
27161,Waseca,Minnesota,44.02211116,-93.58720034,18612.0
27163,Washington,Minnesota,45.03864533,-92.88429635,262440.0
27165,Watonwan,Minnesota,43.97823903,-94.61413846,10897.0
27167,Wilkin,Minnesota,46.35721532,-96.4684375,6207.0
27169,Winona,Minnesota,43.98772283,-91.78081305,50484.0
27171,Wright,Minnesota,45.17297924,-93.96234781,138377.0
27173,Yellow Medicine,Minnesota,44.71710183,-95.86842453,9709.0
28001,Adams,Mississippi,31.47669768,-91.35326037,30693.0
28003,Alcorn,Mississippi,34.88084463,-88.57996173,36953.0
28005,Amite,Mississippi,31.17467303,-90.80501621,12297.0
28007,Attala,Mississippi,33.08658803,-89.57838564,18174.0
28009,Benton,Mississippi,34.81681228,-89.18945516,8259.0
28011,Bolivar,Mississippi,33.79696941,-90.87372121,30628.0
28013,Calhoun,Mississippi,33.93683395,-89.33686647,14361.0
28015,Carroll,Mississippi,33.44834567,-89.91994479,9947.0
28017,Chickasaw,Mississippi,33.91983202,-88.9481545,17103.0
28019,Choctaw,Mississippi,33.34598242,-89.24809382,8210.0
28021,Claiborne,Mississippi,31.97061673,-90.90702196,8988.0
28023,Clarke,Mississippi,32.04158545,-88.6889622,15541.0
28025,Clay,Mississippi,33.65358105,-88.77784255,19316.0
28027,Coahoma,Mississippi,34.22772299,-90.60415045,22124.0
28029,Copiah,Mississippi,31.86977774,-90.44565118,28065.0
28031,Covington,Mississippi,31.63225413,-89.55389939,18636.0
28033,DeSoto,Mississippi,34.87625235,-89.99091418,184945.0
28035,Forrest,Mississippi,31.18961454,-89.25832496,74897.0
28037,Franklin,Mississippi,31.47786634,-90.89672989,7713.0
28039,George,Mississippi,30.86259065,-88.64436789,24500.0
28041,Greene,Mississippi,31.21444233,-88.63922281,13586.0
28043,Grenada,Mississippi,33.77036166,-89.80245083,20758.0
28045,Hancock,Mississippi,30.41830223,-89.48851033,47632.0
28047,Harrison,Mississippi,30.51359752,-89.12467576,208080.0
28049,Hinds,Mississippi,32.2656285,-90.44435448,231840.0
28051,Holmes,Mississippi,33.12345854,-90.08923538,17010.0
28053,Humphreys,Mississippi,33.12825718,-90.52252707,8064.0
28055,Issaquena,Mississippi,32.72531359,-90.97392828,1327.0
28057,Itawamba,Mississippi,34.27993475,-88.3606733,23390.0
28059,Jackson,Mississippi,30.54020656,-88.64184064,143617.0
28061,Jasper,Mississippi,32.01922104,-89.11786866,16383.0
28063,Jefferson,Mississippi,31.73397872,-91.03764977,6990.0
28065,Jefferson Davis,Mississippi,31.56884708,-89.8267099,11128.0
28067,Jones,Mississippi,31.62257767,-89.168969,68098.0
28069,Kemper,Mississippi,32.75462946,-88.64105766,9742.0
28071,Lafayette,Mississippi,34.35687874,-89.48490961,54019.0
28073,Lamar,Mississippi,31.20572971,-89.5077704,63343.0
28075,Lauderdale,Mississippi,32.40419769,-88.66229662,74125.0
28077,Lawrence,Mississippi,31.55147224,-90.10841127,12586.0
28079,Leake,Mississippi,32.7536828,-89.52402044,22786.0
28081,Lee,Mississippi,34.2918775,-88.68149954,85436.0
28083,Leflore,Mississippi,33.55545125,-90.29900733,28183.0
28085,Lincoln,Mississippi,31.53288662,-90.45391915,34153.0
28087,Lowndes,Mississippi,33.47386518,-88.4419153,58595.0
28089,Madison,Mississippi,32.63389156,-90.03513564,106272.0
28091,Marion,Mississippi,31.23132643,-89.8209217,24573.0
28093,Marshall,Mississippi,34.76216286,-89.50299462,35294.0
28095,Monroe,Mississippi,33.89236763,-88.4808438,35252.0
28097,Montgomery,Mississippi,33.49419589,-89.61729103,9775.0
28099,Neshoba,Mississippi,32.75339664,-89.11726492,29118.0
28101,Newton,Mississippi,32.40021118,-89.11843336,21018.0
28103,Noxubee,Mississippi,33.11009499,-88.56949061,10417.0
28105,Oktibbeha,Mississippi,33.42491685,-88.87905132,49587.0
28107,Panola,Mississippi,34.36398677,-89.95064249,34192.0
28109,Pearl River,Mississippi,30.77090935,-89.58677275,55535.0
28111,Perry,Mississippi,31.17161885,-88.99281835,11973.0
28113,Pike,Mississippi,31.17507789,-90.40392572,39288.0
28115,Pontotoc,Mississippi,34.226046,-89.03636807,32174.0
28117,Prentiss,Mississippi,34.61810501,-88.51986294,25126.0
28119,Quitman,Mississippi,34.25157572,-90.28908,6792.0
28121,Rankin,Mississippi,32.26469147,-89.94537876,155271.0
28123,Scott,Mississippi,32.4067041,-89.53789439,28124.0
28125,Sharkey,Mississippi,32.88149103,-90.8159538,4321.0
28127,Simpson,Mississippi,31.91282117,-89.91716179,26658.0
28129,Smith,Mississippi,32.01744532,-89.50644846,15916.0
28131,Stone,Mississippi,30.79187949,-89.11547539,18336.0
28133,Sunflower,Mississippi,33.60192578,-90.58882684,25110.0
28135,Tallahatchie,Mississippi,33.95339918,-90.1729398,13809.0
28137,Tate,Mississippi,34.65133709,-89.94485778,28321.0
28139,Tippah,Mississippi,34.76872156,-88.90988194,22015.0
28141,Tishomingo,Mississippi,34.74023475,-88.23917219,19383.0
28143,Tunica,Mississippi,34.64967704,-90.37481167,9632.0
28145,Union,Mississippi,34.49162015,-89.00776006,28815.0
28147,Walthall,Mississippi,31.14971548,-90.10446654,14286.0
28149,Warren,Mississippi,32.35810271,-90.83352619,45381.0
28151,Washington,Mississippi,33.28392041,-90.94196237,43909.0
28153,Wayne,Mississippi,31.64135687,-88.69573913,20183.0
28155,Webster,Mississippi,33.61300486,-89.28392912,9689.0
28157,Wilkinson,Mississippi,31.16078225,-91.31018819,8630.0
28159,Winston,Mississippi,33.08747908,-89.03391385,17955.0
28161,Yalobusha,Mississippi,34.02824175,-89.7076205,12108.0
28163,Yazoo,Mississippi,32.77890365,-90.39656148,29690.0
29001,Adair,Missouri,40.19058551,-92.60078167,25343.0
29003,Andrew,Missouri,39.98492163,-94.80163024,17712.0
29005,Atchison,Missouri,40.43238737,-95.42970639,5143.0
29007,Audrain,Missouri,39.215877,-91.84242683,25388.0
29009,Barry,Missouri,36.70978521,-93.82919888,35789.0
29011,Barton,Missouri,37.50207671,-94.34757022,11754.0
29013,Bates,Missouri,38.25271289,-94.34113157,16172.0
29015,Benton,Missouri,38.29503305,-93.28756116,19443.0
29017,Bollinger,Missouri,37.32449052,-90.02725304,12133.0
29019,Boone,Missouri,38.99186229,-92.30723575,180463.0
29021,Buchanan,Missouri,39.65816401,-94.80138942,87364.0
29023,Butler,Missouri,36.71462476,-90.40421163,42478.0
29025,Caldwell,Missouri,39.65620858,-93.98308093,9020.0
29027,Callaway,Missouri,38.83674754,-91.92186505,44743.0
29029,Camden,Missouri,38.02199522,-92.76083747,46305.0
29031,Cape Girardeau,Missouri,37.38489388,-89.6843587,78871.0
29033,Carroll,Missouri,39.42762566,-93.50626255,8679.0
29035,Carter,Missouri,36.94160441,-90.96051322,5982.0
29037,Cass,Missouri,38.64789422,-94.353399,105780.0
29039,Cedar,Missouri,37.72391475,-93.85445441,14349.0
29041,Chariton,Missouri,39.51499357,-92.9629191,7426.0
29043,Christian,Missouri,36.9711783,-93.18537118,88595.0
29045,Clark,Missouri,40.41040752,-91.73661677,6797.0
29047,Clay,Missouri,39.31132056,-94.41850862,249948.0
29049,Clinton,Missouri,39.6013098,-94.40465394,20387.0
29051,Cole,Missouri,38.50455671,-92.27860244,76745.0
29053,Cooper,Missouri,38.844478,-92.80896081,17709.0
29055,Crawford,Missouri,37.97663738,-91.30528104,23920.0
29057,Dade,Missouri,37.431814,-93.8503345,7561.0
29059,Dallas,Missouri,37.6811355,-93.02127031,16878.0
29061,Daviess,Missouri,39.96145298,-93.98519678,8278.0
29063,DeKalb,Missouri,39.89201062,-94.40476508,12547.0
29065,Dent,Missouri,37.60663134,-91.50790473,15573.0
29067,Douglas,Missouri,36.9325593,-92.49905109,13185.0
29069,Dunklin,Missouri,36.27167174,-90.09122243,29131.0
29071,Franklin,Missouri,38.41127108,-91.07522826,103967.0
29073,Gasconade,Missouri,38.43947277,-91.50847147,14706.0
29075,Gentry,Missouri,40.21097916,-94.40944419,6571.0
29077,Greene,Missouri,37.2575872,-93.34230916,293086.0
29079,Grundy,Missouri,40.11406587,-93.56509276,9850.0
29081,Harrison,Missouri,40.35570088,-93.99222144,8352.0
29083,Henry,Missouri,38.38482826,-93.79293734,21824.0
29085,Hickory,Missouri,37.94163617,-93.3203037,9544.0
29087,Holt,Missouri,40.09799248,-95.2163888,4403.0
29089,Howard,Missouri,39.1435761,-92.69756691,10001.0
29091,Howell,Missouri,36.77383887,-91.88683935,40117.0
29093,Iron,Missouri,37.55487945,-90.7735296,10125.0
29095,Jackson,Missouri,39.01002188,-94.34724536,703011.0
29097,Jasper,Missouri,37.20351921,-94.34050458,121328.0
29099,Jefferson,Missouri,38.25926778,-90.53870896,225081.0
29101,Johnson,Missouri,38.74719601,-93.80691168,54062.0
29103,Knox,Missouri,40.12699751,-92.14780832,3959.0
29105,Laclede,Missouri,37.65896829,-92.5888493,35723.0
29107,Lafayette,Missouri,39.06986886,-93.78076396,32708.0
29109,Lawrence,Missouri,37.10626634,-93.83293097,38355.0
29111,Lewis,Missouri,40.09673161,-91.72070156,9776.0
29113,Lincoln,Missouri,39.05345619,-90.95588181,59013.0
29115,Linn,Missouri,39.87001769,-93.10704106,11920.0
29117,Livingston,Missouri,39.78110272,-93.54645978,15227.0
29119,McDonald,Missouri,36.62869595,-94.34867205,22837.0
29121,Macon,Missouri,39.83049768,-92.56453089,15117.0
29123,Madison,Missouri,37.47865134,-90.3467143,12088.0
29125,Maries,Missouri,38.16193985,-91.92249662,8697.0
29127,Marion,Missouri,39.80601912,-91.62203062,28530.0
29129,Mercer,Missouri,40.42212303,-93.5682959,3617.0
29131,Miller,Missouri,38.21450288,-92.42610898,25619.0
29133,Mississippi,Missouri,36.82516239,-89.29505753,13180.0
29135,Moniteau,Missouri,38.63571781,-92.57976951,16132.0
29137,Monroe,Missouri,39.49593978,-92.00043978,8644.0
29139,Montgomery,Missouri,38.94022054,-91.47000721,11551.0
29141,Morgan,Missouri,38.4181765,-92.88791859,20627.0
29143,New Madrid,Missouri,36.59666326,-89.66070007,17076.0
29145,Newton,Missouri,36.90519407,-94.3394104,58236.0
29147,Nodaway,Missouri,40.36079813,-94.88133008,22092.0
29149,Oregon,Missouri,36.68710164,-91.4033755,10529.0
29151,Osage,Missouri,38.46036182,-91.8613635,13615.0
29153,Ozark,Missouri,36.64916339,-92.44459066,9174.0
29155,Pemiscot,Missouri,36.2130572,-89.78742322,15805.0
29157,Perry,Missouri,37.70660776,-89.82741088,19136.0
29159,Pettis,Missouri,38.72798918,-93.28471706,42339.0
29161,Phelps,Missouri,37.87736118,-91.79351727,44573.0
29163,Pike,Missouri,39.34310674,-91.16980779,18302.0
29165,Platte,Missouri,39.38154439,-94.77068479,104418.0
29167,Polk,Missouri,37.6162296,-93.39828174,32149.0
29169,Pulaski,Missouri,37.82462075,-92.20783203,52607.0
29171,Putnam,Missouri,40.47942497,-93.02042674,4696.0
29173,Ralls,Missouri,39.52817427,-91.51838643,10309.0
29175,Randolph,Missouri,39.44007257,-92.4971374,24748.0
29177,Ray,Missouri,39.3537468,-93.98905745,23018.0
29179,Reynolds,Missouri,37.36085952,-90.97009925,6270.0
29181,Ripley,Missouri,36.65460667,-90.85990261,13288.0
29183,St. Charles,Missouri,38.77875681,-90.66662425,402022.0
29185,St. Clair,Missouri,38.03699437,-93.77631447,9397.0
29186,Ste. Genevieve,Missouri,37.89090059,-90.1949941,17894.0
29187,St. Francois,Missouri,37.81214171,-90.47598685,67215.0
29189,St. Louis,Missouri,38.6377004,-90.4458375,994205.0
29195,Saline,Missouri,39.13734288,-93.20259964,22761.0
29197,Schuyler,Missouri,40.46921489,-92.52311943,4660.0
29199,Scotland,Missouri,40.45214695,-92.14709064,4902.0
29201,Scott,Missouri,37.05588075,-89.56474493,38280.0
29203,Shannon,Missouri,37.15772072,-91.40190382,8166.0
29205,Shelby,Missouri,39.79742518,-92.07634971,5930.0
29207,Stoddard,Missouri,36.85571651,-89.9444155,29025.0
29209,Stone,Missouri,36.75000327,-93.45256475,31952.0
29211,Sullivan,Missouri,40.2099105,-93.11150106,6089.0
29213,Taney,Missouri,36.65465345,-93.04075153,55928.0
29215,Texas,Missouri,37.31728859,-91.96564727,25398.0
29217,Vernon,Missouri,37.8457799,-94.34127305,20563.0
29219,Warren,Missouri,38.76529479,-91.16124662,35649.0
29221,Washington,Missouri,37.96130078,-90.87948158,24730.0
29223,Wayne,Missouri,37.11303869,-90.46001416,12873.0
29225,Webster,Missouri,37.2813734,-92.876329,39592.0
29227,Worth,Missouri,40.47945588,-94.42328751,2013.0
29229,Wright,Missouri,37.27029221,-92.46914488,18289.0
29510,St. Louis City,Missouri,38.63555736,-90.24349225,300576.0
30001,Beaverhead,Montana,45.13434354,-112.8984694,9453.0
30003,Big Horn,Montana,45.42335905,-107.492347,13319.0
30005,Blaine,Montana,48.43175214,-108.9582723,6681.0
30007,Broadwater,Montana,46.33277565,-111.4955813,6237.0
30009,Carbon,Montana,45.22850116,-109.0274047,10725.0
30011,Carter,Montana,45.5197966,-104.5395536,1252.0
30013,Cascade,Montana,47.30797024,-111.3467922,81366.0
30015,Chouteau,Montana,47.88084126,-110.4353362,5635.0
30017,Custer,Montana,46.25319932,-105.5737526,11402.0
30019,Daniels,Montana,48.78420029,-105.5476343,1690.0
30021,Dawson,Montana,47.26584855,-104.8944417,8613.0
30023,Deer Lodge,Montana,46.05953325,-113.073353,9140.0
30025,Fallon,Montana,46.33478338,-104.4183565,2846.0
30027,Fergus,Montana,47.26331584,-109.2245206,11050.0
30029,Flathead,Montana,48.29575866,-114.0520569,103806.0
30031,Gallatin,Montana,45.54486106,-111.1692571,114434.0
30033,Garfield,Montana,47.27545948,-107.0002351,1258.0
30035,Glacier,Montana,48.70513576,-112.9934235,13753.0
30037,Golden Valley,Montana,46.3816474,-109.1768522,821.0
30039,Granite,Montana,46.4060522,-113.4414186,3379.0
30041,Hill,Montana,48.62879827,-110.1129252,16484.0
30043,Jefferson,Montana,46.14907081,-112.094396,12221.0
30045,Judith Basin,Montana,47.04581276,-110.2660688,2007.0
30047,Lake,Montana,47.64514965,-114.0898013,30458.0
30049,Lewis and Clark,Montana,47.12610041,-112.394698,69432.0
30051,Liberty,Montana,48.56084317,-111.024307,2337.0
30053,Lincoln,Montana,48.54265777,-115.4046155,19980.0
30055,McCone,Montana,47.64469406,-105.7944994,1664.0
30057,Madison,Montana,45.30080065,-111.9173017,8600.0
30059,Meagher,Montana,46.59907074,-110.8898557,1862.0
30061,Mineral,Montana,47.15283992,-115.0015239,4397.0
30063,Missoula,Montana,47.03728583,-113.9213508,119600.0
30065,Musselshell,Montana,46.49684637,-108.39498,4633.0
30067,Park,Montana,45.48965095,-110.5264394,16606.0
30069,Petroleum,Montana,47.1182463,-108.2508876,487.0
30071,Phillips,Montana,48.25936577,-107.9128511,3954.0
30073,Pondera,Montana,48.22773388,-112.2252703,5911.0
30075,Powder River,Montana,45.39617714,-105.636738,1682.0
30077,Powell,Montana,46.85538891,-112.9359164,6890.0
30079,Prairie,Montana,46.86048047,-105.379384,1077.0
30081,Ravalli,Montana,46.08520862,-114.1189164,43806.0
30083,Richland,Montana,47.78668011,-104.5610786,10803.0
30085,Roosevelt,Montana,48.29607488,-105.0079268,11004.0
30087,Rosebud,Montana,46.23397237,-106.729288,8937.0
30089,Sanders,Montana,47.67657534,-115.1329916,12113.0
30091,Sheridan,Montana,48.72085833,-104.503829,3309.0
30093,Silver Bow,Montana,45.90018933,-112.6620092,34915.0
30095,Stillwater,Montana,45.67071407,-109.3950061,9642.0
30097,Sweet Grass,Montana,45.81367654,-109.9425686,3737.0
30099,Teton,Montana,47.83741052,-112.2410688,6147.0
30101,Toole,Montana,48.65577551,-111.6942414,4736.0
30103,Treasure,Montana,46.2097322,-107.2666516,696.0
30105,Valley,Montana,48.36435097,-106.6669635,7396.0
30107,Wheatland,Montana,46.46652491,-109.8464636,2126.0
30109,Wibaux,Montana,46.95925154,-104.2510927,969.0
30111,Yellowstone,Montana,45.93955949,-108.2691486,161300.0
31001,Adams,Nebraska,40.5244942,-98.50117804,31363.0
31003,Antelope,Nebraska,42.17695516,-98.0666283,6298.0
31005,Arthur,Nebraska,41.56896142,-101.6959559,463.0
31007,Banner,Nebraska,41.54634427,-103.7114332,745.0
31009,Blaine,Nebraska,41.91311716,-99.97677845,465.0
31011,Boone,Nebraska,41.70759415,-98.06737183,5192.0
31013,Box Butte,Nebraska,42.22079243,-103.0878834,10783.0
31015,Boyd,Nebraska,42.8997274,-98.76486568,1919.0
31017,Brown,Nebraska,42.43018907,-99.92904055,2955.0
31019,Buffalo,Nebraska,40.85486962,-99.07500296,49659.0
31021,Burt,Nebraska,41.85056773,-96.32605633,6459.0
31023,Butler,Nebraska,41.22703692,-97.13106306,8016.0
31025,Cass,Nebraska,40.90899107,-96.13971217,26248.0
31027,Cedar,Nebraska,42.5988851,-97.25311951,8402.0
31029,Chase,Nebraska,40.5237198,-101.6978026,3924.0
31031,Cherry,Nebraska,42.54502621,-101.1244332,5689.0
31033,Cheyenne,Nebraska,41.21999357,-102.9941693,8910.0
31035,Clay,Nebraska,40.52439441,-98.05126296,6203.0
31037,Colfax,Nebraska,41.57486951,-97.0868542,10709.0
31039,Cuming,Nebraska,41.91637624,-96.78730772,8846.0
31041,Custer,Nebraska,41.39374521,-99.72805369,10777.0
31043,Dakota,Nebraska,42.39040144,-96.56656425,20026.0
31045,Dawes,Nebraska,42.71985036,-103.1313774,8589.0
31047,Dawson,Nebraska,40.87028216,-99.8201461,23595.0
31049,Deuel,Nebraska,41.11168186,-102.3333331,1794.0
31051,Dixon,Nebraska,42.49188363,-96.86782408,5636.0
31053,Dodge,Nebraska,41.58071748,-96.65598179,36565.0
31055,Douglas,Nebraska,41.29518299,-96.15085305,571327.0
31057,Dundy,Nebraska,40.17638677,-101.6876522,1693.0
31059,Fillmore,Nebraska,40.52458567,-97.59646937,5462.0
31061,Franklin,Nebraska,40.17636348,-98.95299073,2979.0
31063,Frontier,Nebraska,40.52993007,-100.3924658,2627.0
31065,Furnas,Nebraska,40.17642064,-99.91247454,4676.0
31067,Gage,Nebraska,40.26186809,-96.68946704,21513.0
31069,Garden,Nebraska,41.61703149,-102.3313973,1837.0
31071,Garfield,Nebraska,41.91428955,-98.99111827,1969.0
31073,Gosper,Nebraska,40.51481965,-99.83020279,1990.0
31075,Grant,Nebraska,41.91528587,-101.740701,623.0
31077,Greeley,Nebraska,41.56742671,-98.52150266,2356.0
31079,Hall,Nebraska,40.87257079,-98.50218293,61353.0
31081,Hamilton,Nebraska,40.87349452,-98.02099117,9324.0
31083,Harlan,Nebraska,40.17658508,-99.40438879,3380.0
31085,Hayes,Nebraska,40.52451972,-101.0603568,922.0
31087,Hitchcock,Nebraska,40.17609175,-101.0416477,2762.0
31089,Holt,Nebraska,42.45522056,-98.78402558,10067.0
31091,Hooker,Nebraska,41.91586243,-101.1354293,682.0
31093,Howard,Nebraska,41.2200529,-98.5166499,6445.0
31095,Jefferson,Nebraska,40.17584531,-97.142601,7046.0
31097,Johnson,Nebraska,40.39257596,-96.26522753,5071.0
31099,Kearney,Nebraska,40.50663314,-98.94877182,6495.0
31101,Keith,Nebraska,41.19930341,-101.6620164,8034.0
31103,Keya Paha,Nebraska,42.87990694,-99.71343729,806.0
31105,Kimball,Nebraska,41.19774275,-103.7148131,3632.0
31107,Knox,Nebraska,42.63758421,-97.89178836,8332.0
31109,Lancaster,Nebraska,40.78416049,-96.68777155,319090.0
31111,Lincoln,Nebraska,41.04658298,-100.7475374,34914.0
31113,Logan,Nebraska,41.56650314,-100.4817851,748.0
31115,Loup,Nebraska,41.91371961,-99.45440415,664.0
31117,McPherson,Nebraska,41.56797682,-101.0599362,494.0
31119,Madison,Nebraska,41.91676024,-97.6005481,35099.0
31121,Merrick,Nebraska,41.16624273,-98.0374887,7755.0
31123,Morrill,Nebraska,41.71711774,-103.0061405,4642.0
31125,Nance,Nebraska,41.39750195,-97.99327291,3519.0
31127,Nemaha,Nebraska,40.38514847,-95.85433992,6972.0
31129,Nuckolls,Nebraska,40.17637905,-98.04743961,4148.0
31131,Otoe,Nebraska,40.64843556,-96.13374142,16012.0
31133,Pawnee,Nebraska,40.13141096,-96.23705437,2613.0
31135,Perkins,Nebraska,40.85082525,-101.6502942,2891.0
31137,Phelps,Nebraska,40.51156033,-99.41461667,9034.0
31139,Pierce,Nebraska,42.26434853,-97.60122773,7148.0
31141,Platte,Nebraska,41.57246836,-97.52144359,33470.0
31143,Polk,Nebraska,41.18813488,-97.56630712,5213.0
31145,Red Willow,Nebraska,40.1755688,-100.476998,10724.0
31147,Richardson,Nebraska,40.1247415,-95.71755036,7865.0
31149,Rock,Nebraska,42.42252217,-99.44832069,1357.0
31151,Saline,Nebraska,40.52418865,-97.14085859,14224.0
31153,Sarpy,Nebraska,41.11314181,-96.11156432,187196.0
31155,Saunders,Nebraska,41.2278103,-96.63773905,21578.0
31157,Scotts Bluff,Nebraska,41.85070896,-103.7080986,35618.0
31159,Seward,Nebraska,40.87241834,-97.139673,17284.0
31161,Sheridan,Nebraska,42.50284406,-102.4126613,5246.0
31163,Sherman,Nebraska,41.22045983,-98.97588642,3001.0
31165,Sioux,Nebraska,42.48932059,-103.7576544,1166.0
31167,Stanton,Nebraska,41.9169835,-97.19394708,5920.0
31169,Thayer,Nebraska,40.17626377,-97.59504381,5003.0
31171,Thomas,Nebraska,41.91358968,-100.5556632,722.0
31173,Thurston,Nebraska,42.15725356,-96.54157099,7224.0
31175,Valley,Nebraska,41.56730777,-98.98197724,4158.0
31177,Washington,Nebraska,41.52815707,-96.22019892,20729.0
31179,Wayne,Nebraska,42.20934475,-97.11926964,9385.0
31181,Webster,Nebraska,40.17642643,-98.50019851,3487.0
31183,Wheeler,Nebraska,41.91482725,-98.52798941,783.0
31185,York,Nebraska,40.87272618,-97.59710186,13679.0
32001,Churchill,Nevada,39.58105744,-118.3394607,24909.0
32003,Clark,Nevada,36.21458855,-115.0130241,2266715.0
32005,Douglas,Nevada,38.912862,-119.6171333,48905.0
32007,Elko,Nevada,41.14531606,-115.3577619,52778.0
32009,Esmeralda,Nevada,37.78436681,-117.6319999,873.0
32011,Eureka,Nevada,39.98100864,-116.2683204,2029.0
32013,Humboldt,Nevada,41.40692186,-118.1109427,16831.0
32015,Lander,Nevada,39.9332233,-117.0397075,5532.0
32017,Lincoln,Nevada,37.64268459,-114.8790388,5183.0
32019,Lyon,Nevada,39.01777974,-119.1870479,57510.0
32021,Mineral,Nevada,38.53841696,-118.4344506,4505.0
32023,Nye,Nevada,38.04264256,-116.4722702,46523.0
32027,Pershing,Nevada,40.44003782,-118.4005641,6725.0
32029,Storey,Nevada,39.44875482,-119.5250207,4123.0
32031,Washoe,Nevada,40.66562265,-119.6631594,471519.0
32033,White Pine,Nevada,39.44157041,-114.899966,9580.0
32510,Carson City,Nevada,39.15509045,-119.7480219,55916.0
33001,Belknap,New Hampshire,43.51637314,-71.41684235,61303.0
33003,Carroll,New Hampshire,43.87498583,-71.20430216,48910.0
33005,Cheshire,New Hampshire,42.92015988,-72.25311043,76085.0
33007,Coos,New Hampshire,44.69063265,-71.30633239,31563.0
33009,Grafton,New Hampshire,43.93779815,-71.82057197,89886.0
33011,Hillsborough,New Hampshire,42.91537785,-71.7200253,417025.0
33013,Merrimack,New Hampshire,43.29662971,-71.6811573,151391.0
33015,Rockingham,New Hampshire,42.98499744,-71.12883377,309769.0
33017,Strafford,New Hampshire,43.291833,-71.02336013,130633.0
33019,Sullivan,New Hampshire,43.36094111,-72.22203125,43146.0
34001,Atlantic,New Jersey,39.47538693,-74.65848483,263670.0
34003,Bergen,New Jersey,40.96010917,-74.07164325,932202.0
34005,Burlington,New Jersey,39.87681124,-74.66927768,445349.0
34007,Camden,New Jersey,39.80343818,-74.96388753,506471.0
34009,Cape May,New Jersey,39.15008829,-74.80170244,92039.0
34011,Cumberland,New Jersey,39.37199394,-75.10712559,149527.0
34013,Essex,New Jersey,40.78681335,-74.24657979,798975.0
34015,Gloucester,New Jersey,39.71581067,-75.13995546,291636.0
34017,Hudson,New Jersey,40.73766234,-74.07515667,672391.0
34019,Hunterdon,New Jersey,40.56335249,-74.91284156,124371.0
34021,Mercer,New Jersey,40.28047017,-74.70479631,367430.0
34023,Middlesex,New Jersey,40.43629879,-74.41426991,825062.0
34025,Monmouth,New Jersey,40.26549699,-74.22240686,618795.0
34027,Morris,New Jersey,40.86095313,-74.5455371,491845.0
34029,Ocean,New Jersey,39.8895449,-74.28089251,607186.0
34031,Passaic,New Jersey,41.03238628,-74.29954144,501826.0
34033,Salem,New Jersey,39.58719656,-75.3469663,62385.0
34035,Somerset,New Jersey,40.56465737,-74.61683016,328934.0
34037,Sussex,New Jersey,41.13891592,-74.69118243,140488.0
34039,Union,New Jersey,40.65835409,-74.30680092,556341.0
34041,Warren,New Jersey,40.85951833,-74.99556527,105267.0
35001,Bernalillo,New Mexico,35.05163625,-106.6703554,679121.0
35003,Catron,New Mexico,33.91514144,-108.4046587,3527.0
35005,Chaves,New Mexico,33.36406072,-104.4665365,64615.0
35006,Cibola,New Mexico,34.91131525,-107.998876,26675.0
35007,Colfax,New Mexico,36.60569702,-104.6472674,11941.0
35009,Curry,New Mexico,34.57421077,-103.3468876,48954.0
35011,De Baca,New Mexico,34.34274529,-104.4117842,1748.0
35013,Dona Ana,New Mexico,32.35275771,-106.8329387,218195.0
35015,Eddy,New Mexico,32.47167456,-104.3053527,58460.0
35017,Grant,New Mexico,32.73911281,-108.3827845,26998.0
35019,Guadalupe,New Mexico,34.86319296,-104.790669,4300.0
35021,Harding,New Mexico,35.85751555,-103.8220938,625.0
35023,Hidalgo,New Mexico,31.91383467,-108.7151824,4198.0
35025,Lea,New Mexico,32.79215361,-103.4123733,71070.0
35027,Lincoln,New Mexico,33.74526079,-105.4586166,19572.0
35028,Los Alamos,New Mexico,35.86631386,-106.3134985,19369.0
35029,Luna,New Mexico,32.18179341,-107.7508826,23709.0
35031,McKinley,New Mexico,35.5800772,-108.262245,71367.0
35033,Mora,New Mexico,36.01095101,-104.9497716,4521.0
35035,Otero,New Mexico,32.61348406,-105.7417604,67490.0
35037,Quay,New Mexico,35.10403332,-103.5481727,8253.0
35039,Rio Arriba,New Mexico,36.51072137,-106.6931674,38921.0
35041,Roosevelt,New Mexico,34.02097406,-103.4799493,18500.0
35043,Sandoval,New Mexico,35.68862401,-106.8687803,146748.0
35045,San Juan,New Mexico,36.50838318,-108.320437,123958.0
35047,San Miguel,New Mexico,35.48014807,-104.8163562,27277.0
35049,Santa Fe,New Mexico,35.50708973,-105.9774716,150358.0
35051,Sierra,New Mexico,33.13028233,-107.1925893,10791.0
35053,Socorro,New Mexico,34.00715494,-106.9298354,16637.0
35055,Taos,New Mexico,36.58006022,-105.6310198,32723.0
35057,Torrance,New Mexico,34.64048375,-105.8508949,15461.0
35059,Union,New Mexico,36.48126404,-103.4709624,4059.0
35061,Valencia,New Mexico,34.71669834,-106.8103733,76688.0
36001,Albany,New York,42.60060306,-73.97723916,305506.0
36003,Allegany,New York,42.25748406,-78.02750466,46091.0
36005,Bronx,New York,40.85209301,-73.86282755,1418207.0
36007,Broome,New York,42.15903158,-75.81326086,190488.0
36009,Cattaraugus,New York,42.24778241,-78.67923096,76117.0
36011,Cayuga,New York,42.91261714,-76.55731592,76576.0
36013,Chautauqua,New York,42.2276921,-79.36691763,126903.0
36015,Chemung,New York,42.13891056,-76.7638805,83456.0
36017,Chenango,New York,42.49430041,-75.60887553,47207.0
36019,Clinton,New York,44.74530905,-73.67875352,80485.0
36021,Columbia,New York,42.24819348,-73.63089095,59461.0
36023,Cortland,New York,42.59509207,-76.07048931,47581.0
36025,Delaware,New York,42.19837623,-74.96709306,44135.0
36027,Dutchess,New York,41.7648606,-73.74356679,294218.0
36029,Erie,New York,42.76249024,-78.73063652,918702.0
36031,Essex,New York,44.11630765,-73.77297842,36885.0
36033,Franklin,New York,44.59040891,-74.29926032,50022.0
36035,Fulton,New York,43.11363907,-74.41798804,53383.0
36037,Genesee,New York,43.0022601,-78.19135193,57280.0
36039,Greene,New York,42.275797,-74.12384884,47188.0
36041,Hamilton,New York,43.66146647,-74.49721957,4416.0
36043,Herkimer,New York,43.42034246,-74.96145307,61319.0
36045,Jefferson,New York,44.04200959,-75.94653457,109834.0
36047,Kings,New York,40.6361825,-73.94935552,2559903.0
36049,Lewis,New York,43.7844157,-75.44903992,26296.0
36051,Livingston,New York,42.72596275,-77.77966158,62914.0
36053,Madison,New York,42.91653905,-75.67266639,70941.0
36055,Monroe,New York,43.14638895,-77.69322942,741770.0
36057,Montgomery,New York,42.90123494,-74.44011632,49221.0
36059,Nassau,New York,40.74066522,-73.58941873,1356924.0
36061,New York,New York,40.7672726,-73.97152637,1628706.0
36063,Niagara,New York,43.19898042,-78.74777412,209281.0
36065,Oneida,New York,43.24375382,-75.43710392,228671.0
36067,Onondaga,New York,43.00491923,-76.19971155,460528.0
36069,Ontario,New York,42.85145728,-77.30874425,109777.0
36071,Orange,New York,41.40337468,-74.30240757,384940.0
36073,Orleans,New York,43.2516977,-78.2320066,40352.0
36075,Oswego,New York,43.42778894,-76.14635194,117124.0
36077,Otsego,New York,42.63492579,-75.03151402,59493.0
36079,Putnam,New York,41.42630093,-73.74965532,98320.0
36081,Queens,New York,40.71088124,-73.81684712,2253858.0
36083,Rensselaer,New York,42.71348136,-73.51089874,158714.0
36085,Richmond,New York,40.58582155,-74.14808598,476143.0
36087,Rockland,New York,41.15027894,-74.02560498,325789.0
36089,St. Lawrence,New York,44.4976179,-75.06550039,107740.0
36091,Saratoga,New York,43.10904162,-73.86653895,229863.0
36093,Schenectady,New York,42.81668777,-74.05278291,155299.0
36095,Schoharie,New York,42.58831742,-74.4433903,30999.0
36097,Schuyler,New York,42.39184015,-76.8773299,17807.0
36099,Seneca,New York,42.78081007,-76.82497064,34016.0
36101,Steuben,New York,42.2689144,-77.3829924,95379.0
36103,Suffolk,New York,40.88320119,-72.8012172,1476601.0
36105,Sullivan,New York,41.71579493,-74.76394559,75432.0
36107,Tioga,New York,42.16852837,-76.30835812,48203.0
36109,Tompkins,New York,42.44945765,-76.47229843,102180.0
36111,Ulster,New York,41.89027881,-74.26252104,177573.0
36113,Warren,New York,43.56173026,-73.8433699,63944.0
36115,Washington,New York,43.31153794,-73.43043448,61204.0
36117,Wayne,New York,43.15494365,-77.02976528,89918.0
36119,Westchester,New York,41.16278376,-73.75741653,967506.0
36121,Wyoming,New York,42.70145109,-78.22199579,39859.0
36123,Yates,New York,42.63505484,-77.10369919,24913.0
37001,Alamance,North Carolina,36.0434701,-79.39976137,169509.0
37003,Alexander,North Carolina,35.9223796,-81.17751948,37497.0
37005,Alleghany,North Carolina,36.49360862,-81.12857041,11137.0
37007,Anson,North Carolina,34.97403241,-80.09953279,24446.0
37009,Ashe,North Carolina,36.43296207,-81.49862729,27203.0
37011,Avery,North Carolina,36.07569796,-81.92308483,17557.0
37013,Beaufort,North Carolina,35.48531943,-76.84325809,46994.0
37015,Bertie,North Carolina,36.0688473,-76.96545943,18947.0
37017,Bladen,North Carolina,34.61296243,-78.56180059,32722.0
37019,Brunswick,North Carolina,34.070565,-78.22814204,142820.0
37021,Buncombe,North Carolina,35.61113393,-82.53305,261191.0
37023,Burke,North Carolina,35.74989637,-81.70755735,90485.0
37025,Cabarrus,North Carolina,35.3877799,-80.55267168,216453.0
37027,Caldwell,North Carolina,35.95204977,-81.54799522,82178.0
37029,Camden,North Carolina,36.33804939,-76.15568396,10867.0
37031,Carteret,North Carolina,34.8932941,-76.54120135,69473.0
37033,Caswell,North Carolina,36.39312665,-79.33353281,22604.0
37035,Catawba,North Carolina,35.66211129,-81.2132617,159551.0
37037,Chatham,North Carolina,35.70394416,-79.25541492,74470.0
37039,Cherokee,North Carolina,35.1349263,-84.05970864,28612.0
37041,Chowan,North Carolina,36.12908077,-76.60118385,13943.0
37043,Clay,North Carolina,35.05704275,-83.74353633,11231.0
37045,Cleveland,North Carolina,35.33553364,-81.55204486,97947.0
37047,Columbus,North Carolina,34.26744084,-78.65801424,55508.0
37049,Craven,North Carolina,35.11833364,-77.08398081,102139.0
37051,Cumberland,North Carolina,35.04762133,-78.82623165,335509.0
37053,Currituck,North Carolina,36.36123664,-75.95876401,27763.0
37055,Dare,North Carolina,35.66520691,-75.71767334,37009.0
37057,Davidson,North Carolina,35.79115496,-80.21256572,167609.0
37059,Davie,North Carolina,35.93099927,-80.54496571,42846.0
37061,Duplin,North Carolina,34.93449805,-77.93140529,58741.0
37063,Durham,North Carolina,36.03638492,-78.87608331,321488.0
37065,Edgecombe,North Carolina,35.91230639,-77.59436892,51472.0
37067,Forsyth,North Carolina,36.12859861,-80.25459052,382295.0
37069,Franklin,North Carolina,36.081519,-78.28708884,69685.0
37071,Gaston,North Carolina,35.29373559,-81.17477045,224529.0
37073,Gates,North Carolina,36.44667547,-76.69749701,11562.0
37075,Graham,North Carolina,35.3506925,-83.83369267,8441.0
37077,Granville,North Carolina,36.30337451,-78.65184241,60443.0
37079,Greene,North Carolina,35.48544173,-77.67578087,21069.0
37081,Guilford,North Carolina,36.07959451,-79.78824948,537174.0
37083,Halifax,North Carolina,36.25669272,-77.6556109,50010.0
37085,Harnett,North Carolina,35.36731853,-78.87243571,135976.0
37087,Haywood,North Carolina,35.55269063,-82.98196486,62317.0
37089,Henderson,North Carolina,35.33788927,-82.4766782,117417.0
37091,Hertford,North Carolina,36.3607755,-76.98104134,23677.0
37093,Hoke,North Carolina,35.01888303,-79.23651674,55234.0
37095,Hyde,North Carolina,35.42017674,-76.15180542,4937.0
37097,Iredell,North Carolina,35.80950511,-80.8743128,181806.0
37099,Jackson,North Carolina,35.28814273,-83.14093385,43938.0
37101,Johnston,North Carolina,35.51745004,-78.36622717,209339.0
37103,Jones,North Carolina,35.02254606,-77.35870791,9419.0
37105,Lee,North Carolina,35.47623147,-79.17569362,61779.0
37107,Lenoir,North Carolina,35.2403259,-77.64245615,55949.0
37109,Lincoln,North Carolina,35.48508185,-81.21740317,86111.0
37111,McDowell,North Carolina,35.67736232,-82.0482425,45756.0
37113,Macon,North Carolina,35.14867843,-83.41696617,35858.0
37115,Madison,North Carolina,35.85402722,-82.71346418,21755.0
37117,Martin,North Carolina,35.84326734,-77.10860251,22440.0
37119,Mecklenburg,North Carolina,35.24469268,-80.8317671,1110356.0
37121,Mitchell,North Carolina,36.01059309,-82.1582442,14964.0
37123,Montgomery,North Carolina,35.33155144,-79.90416657,27173.0
37125,Moore,North Carolina,35.30885257,-79.48474178,100880.0
37127,Nash,North Carolina,35.96575634,-77.98422508,94298.0
37129,New Hanover,North Carolina,34.25758282,-77.87075626,234473.0
37131,Northampton,North Carolina,36.41736238,-77.39769443,19483.0
37133,Onslow,North Carolina,34.72607366,-77.42908179,197938.0
37135,Orange,North Carolina,36.06092947,-79.12167935,148476.0
37137,Pamlico,North Carolina,35.15253315,-76.66559823,12726.0
37139,Pasquotank,North Carolina,36.26723798,-76.25134778,39824.0
37141,Pender,North Carolina,34.52265624,-77.90352133,63060.0
37143,Perquimans,North Carolina,36.17847453,-76.40603143,13463.0
37145,Person,North Carolina,36.38989032,-78.97217358,39490.0
37147,Pitt,North Carolina,35.59535426,-77.37353178,180742.0
37149,Polk,North Carolina,35.27820615,-82.16812354,20724.0
37151,Randolph,North Carolina,35.71015088,-79.80570339,143667.0
37153,Richmond,North Carolina,35.00417719,-79.74491009,44829.0
37155,Robeson,North Carolina,34.64244496,-79.1025053,130625.0
37157,Rockingham,North Carolina,36.39593137,-79.77504841,91010.0
37159,Rowan,North Carolina,35.64003916,-80.52446628,142088.0
37161,Rutherford,North Carolina,35.40114178,-81.92112099,67029.0
37163,Sampson,North Carolina,34.98820368,-78.36914061,63531.0
37165,Scotland,North Carolina,34.8386299,-79.4757978,34823.0
37167,Stanly,North Carolina,35.31647813,-80.25093221,62806.0
37169,Stokes,North Carolina,36.4017975,-80.23893369,45591.0
37171,Surry,North Carolina,36.41689489,-80.69102283,71783.0
37173,Swain,North Carolina,35.48665845,-83.48748932,14271.0
37175,Transylvania,North Carolina,35.20383864,-82.79638423,34385.0
37177,Tyrrell,North Carolina,35.87147226,-76.17055253,4016.0
37179,Union,North Carolina,34.98960527,-80.52955873,239859.0
37181,Vance,North Carolina,36.36880673,-78.40670845,44535.0
37183,Wake,North Carolina,35.78879266,-78.65249174,1111761.0
37185,Warren,North Carolina,36.39728256,-78.10652228,19731.0
37187,Washington,North Carolina,35.83810081,-76.57299037,11580.0
37189,Watauga,North Carolina,36.23103603,-81.70033724,56177.0
37191,Wayne,North Carolina,35.36438125,-78.00027268,123131.0
37193,Wilkes,North Carolina,36.2084135,-81.16232895,68412.0
37195,Wilson,North Carolina,35.70625477,-77.917978,81801.0
37197,Yadkin,North Carolina,36.16222629,-80.66239436,37667.0
37199,Yancey,North Carolina,35.90079156,-82.31237181,18069.0
38001,Adams,North Dakota,46.09686891,-102.5285397,2216.0
38003,Barnes,North Dakota,46.93579637,-98.06605978,10415.0
38005,Benson,North Dakota,48.0683985,-99.35916363,6832.0
38007,Billings,North Dakota,47.02366884,-103.3762965,928.0
38009,Bottineau,North Dakota,48.79106111,-100.8378166,6282.0
38011,Bowman,North Dakota,46.11285362,-103.5203343,3024.0
38013,Burke,North Dakota,48.79094471,-102.5182117,2115.0
38015,Burleigh,North Dakota,46.97847375,-100.4645214,95626.0
38017,Cass,North Dakota,46.93201724,-97.2444719,181923.0
38019,Cavalier,North Dakota,48.77286211,-98.46685243,3762.0
38021,Dickey,North Dakota,46.11017712,-98.5049008,4872.0
38023,Divide,North Dakota,48.8149387,-103.4873611,2264.0
38025,Dunn,North Dakota,47.35423935,-102.6160468,4424.0
38027,Eddy,North Dakota,47.71701474,-98.90432337,2287.0
38029,Emmons,North Dakota,46.28398398,-100.2389766,3241.0
38031,Foster,North Dakota,47.4571084,-98.88279923,3210.0
38033,Golden Valley,North Dakota,46.94022281,-103.8465421,1761.0
38035,Grand Forks,North Dakota,47.92093639,-97.45450447,69451.0
38037,Grant,North Dakota,46.35821257,-101.6390013,2274.0
38039,Griggs,North Dakota,47.45785838,-98.23850925,2231.0
38041,Hettinger,North Dakota,46.43375068,-102.4632417,2499.0
38043,Kidder,North Dakota,46.97830064,-99.77507857,2480.0
38045,LaMoure,North Dakota,46.45681054,-98.53542355,4046.0
38047,Logan,North Dakota,46.45729487,-99.47719806,1850.0
38049,McHenry,North Dakota,48.23104458,-100.6324822,5745.0
38051,McIntosh,North Dakota,46.11182017,-99.44145858,2497.0
38053,McKenzie,North Dakota,47.7413337,-103.395905,15024.0
38055,McLean,North Dakota,47.60766714,-101.3182418,9450.0
38057,Mercer,North Dakota,47.31213126,-101.8318399,8187.0
38059,Morton,North Dakota,46.71681782,-101.2822377,31364.0
38061,Mountrail,North Dakota,48.20197971,-102.3555315,10545.0
38063,Nelson,North Dakota,47.9226426,-98.19038437,2879.0
38065,Oliver,North Dakota,47.11530482,-101.3406158,1959.0
38067,Pembina,North Dakota,48.76623521,-97.5523809,6801.0
38069,Pierce,North Dakota,48.24977025,-99.96407787,3975.0
38071,Ramsey,North Dakota,48.26886249,-98.72223879,11519.0
38073,Ransom,North Dakota,46.45621782,-97.65742504,5218.0
38075,Renville,North Dakota,48.71982533,-101.6603912,2327.0
38077,Richland,North Dakota,46.26440649,-96.94852979,16177.0
38079,Rolette,North Dakota,48.77245354,-99.84097493,14176.0
38081,Sargent,North Dakota,46.10830372,-97.63217159,3898.0
38083,Sheridan,North Dakota,47.57700669,-100.3426391,1315.0
38085,Sioux,North Dakota,46.11323337,-101.0440149,4230.0
38087,Slope,North Dakota,46.44737738,-103.4601547,750.0
38089,Stark,North Dakota,46.80851182,-102.6576326,31489.0
38091,Steele,North Dakota,47.45611548,-97.72728747,1890.0
38093,Stutsman,North Dakota,46.97962541,-98.95637318,20704.0
38095,Towner,North Dakota,48.68565745,-99.24564265,2189.0
38097,Traill,North Dakota,47.45367788,-97.16323288,8036.0
38099,Walsh,North Dakota,48.36876964,-97.72574783,10641.0
38101,Ward,North Dakota,48.22390169,-101.5436763,67641.0
38103,Wells,North Dakota,47.58614526,-99.65904998,3834.0
38105,Williams,North Dakota,48.34522353,-103.4793387,37589.0
39001,Adams,Ohio,38.84541072,-83.4718964,27698.0
39003,Allen,Ohio,40.77285242,-84.10802343,102351.0
39005,Ashland,Ohio,40.84772277,-82.27280781,53484.0
39007,Ashtabula,Ohio,41.70860332,-80.74830218,97241.0
39009,Athens,Ohio,39.33425634,-82.04278644,65327.0
39011,Auglaize,Ohio,40.55998859,-84.2242143,45656.0
39013,Belmont,Ohio,40.01625942,-80.9924051,67006.0
39015,Brown,Ohio,38.93416837,-83.86788395,43432.0
39017,Butler,Ohio,39.44012838,-84.57388716,383134.0
39019,Carroll,Ohio,40.5789686,-81.09178213,26914.0
39021,Champaign,Ohio,40.13923427,-83.76875242,38885.0
39023,Clark,Ohio,39.91592258,-83.78498252,134083.0
39025,Clermont,Ohio,39.04847534,-84.15375786,206428.0
39027,Clinton,Ohio,39.41485808,-83.80852286,41968.0
39029,Columbiana,Ohio,40.76932373,-80.78094576,101883.0
39031,Coshocton,Ohio,40.30096166,-81.91729018,36600.0
39033,Crawford,Ohio,40.85065156,-82.91989099,41494.0
39035,Cuyahoga,Ohio,41.424119,-81.65918339,1235072.0
39037,Darke,Ohio,40.13412966,-84.6194517,51113.0
39039,Defiance,Ohio,41.32398837,-84.49076944,38087.0
39041,Delaware,Ohio,40.27942393,-83.00457058,209177.0
39043,Erie,Ohio,41.36796058,-82.62904521,74266.0
39045,Fairfield,Ohio,39.75107189,-82.63088163,157574.0
39047,Fayette,Ohio,39.56021306,-83.4562016,28525.0
39049,Franklin,Ohio,39.96995815,-83.01115755,1316756.0
39051,Fulton,Ohio,41.60213491,-84.12571393,42126.0
39053,Gallia,Ohio,38.82708533,-82.31647569,29898.0
39055,Geauga,Ohio,41.49952319,-81.17935342,93649.0
39057,Greene,Ohio,39.69116283,-83.89032084,168937.0
39059,Guernsey,Ohio,40.05026529,-81.49248905,38875.0
39061,Hamilton,Ohio,39.19673558,-84.54502924,817473.0
39063,Hancock,Ohio,41.00250487,-83.66838948,75783.0
39065,Hardin,Ohio,40.66015414,-83.65929931,31365.0
39067,Harrison,Ohio,40.29380509,-81.09068544,15040.0
39069,Henry,Ohio,41.3339642,-84.06830637,27006.0
39071,Highland,Ohio,39.1839264,-83.60331456,43161.0
39073,Hocking,Ohio,39.49537927,-82.47991446,28264.0
39075,Holmes,Ohio,40.56163713,-81.92635677,43960.0
39077,Huron,Ohio,41.14651175,-82.59867951,58266.0
39079,Jackson,Ohio,39.01914254,-82.6181856,32413.0
39081,Jefferson,Ohio,40.38614126,-80.76259514,65325.0
39083,Knox,Ohio,40.39830217,-82.42027563,62322.0
39085,Lake,Ohio,41.69710807,-81.23676539,230149.0
39087,Lawrence,Ohio,38.59743452,-82.53466552,59463.0
39089,Licking,Ohio,40.09136236,-82.48185785,176862.0
39091,Logan,Ohio,40.38996525,-83.76784341,45672.0
39093,Lorain,Ohio,41.29553751,-82.15083537,309833.0
39095,Lucas,Ohio,41.62101218,-83.65468618,428348.0
39097,Madison,Ohio,39.89381073,-83.40178317,44731.0
39099,Mahoning,Ohio,41.01631101,-80.77287029,228683.0
39101,Marion,Ohio,40.58610662,-83.15736305,65093.0
39103,Medina,Ohio,41.11770589,-81.8998621,179746.0
39105,Meigs,Ohio,39.09224872,-82.0305041,22907.0
39107,Mercer,Ohio,40.54043046,-84.62912742,41172.0
39109,Miami,Ohio,40.0543329,-84.22871271,106987.0
39111,Monroe,Ohio,39.72984936,-81.08464734,13654.0
39113,Montgomery,Ohio,39.75394919,-84.29050975,531687.0
39115,Morgan,Ohio,39.62081738,-81.85308173,14508.0
39117,Morrow,Ohio,40.5236356,-82.7892599,35328.0
39119,Muskingum,Ohio,39.96575964,-81.94363275,86215.0
39121,Noble,Ohio,39.76818851,-81.45937183,14424.0
39123,Ottawa,Ohio,41.53781826,-83.0940185,40525.0
39125,Paulding,Ohio,41.11676341,-84.5801017,18672.0
39127,Perry,Ohio,39.73508655,-82.23804971,36134.0
39129,Pickaway,Ohio,39.64170392,-83.0243386,58457.0
39131,Pike,Ohio,39.07634001,-83.06769584,27772.0
39133,Portage,Ohio,41.16793482,-81.19735782,162466.0
39135,Preble,Ohio,39.7420247,-84.64787018,40882.0
39137,Putnam,Ohio,41.02094889,-84.1336111,33861.0
39139,Richland,Ohio,40.77180308,-82.5379961,121154.0
39141,Ross,Ohio,39.33705391,-83.06000914,76666.0
39143,Sandusky,Ohio,41.35624126,-83.137872,58518.0
39145,Scioto,Ohio,38.80270163,-82.98907345,75314.0
39147,Seneca,Ohio,41.12351311,-83.12783209,55178.0
39149,Shelby,Ohio,40.33163494,-84.20258189,48590.0
39151,Stark,Ohio,40.81482476,-81.36437305,370606.0
39153,Summit,Ohio,41.12464734,-81.53123079,541013.0
39155,Trumbull,Ohio,41.31735028,-80.76109643,197974.0
39157,Tuscarawas,Ohio,40.44214695,-81.47226262,91987.0
39159,Union,Ohio,40.30016061,-83.37239023,58988.0
39161,Van Wert,Ohio,40.8554138,-84.591117,28275.0
39163,Vinton,Ohio,39.25208988,-82.4831444,13085.0
39165,Warren,Ohio,39.42581994,-84.16557457,234602.0
39167,Washington,Ohio,39.45690571,-81.49121382,59911.0
39169,Wayne,Ohio,40.82925852,-81.88844833,115710.0
39171,Williams,Ohio,41.56052014,-84.58429552,36692.0
39173,Wood,Ohio,41.36224827,-83.62285108,130817.0
39175,Wyandot,Ohio,40.84339621,-83.30734173,21772.0
40001,Adair,Oklahoma,35.88494195,-94.65859267,22194.0
40003,Alfalfa,Oklahoma,36.73090616,-98.32408495,5702.0
40005,Atoka,Oklahoma,34.37366573,-96.03802487,13758.0
40007,Beaver,Oklahoma,36.7496847,-100.4758872,5311.0
40009,Beckham,Oklahoma,35.26862449,-99.68128023,21859.0
40011,Blaine,Oklahoma,35.87518314,-98.43307003,9429.0
40013,Bryan,Oklahoma,33.96472458,-96.25903472,47995.0
40015,Caddo,Oklahoma,35.17364557,-98.37534464,28762.0
40017,Canadian,Oklahoma,35.5426055,-97.98465569,148306.0
40019,Carter,Oklahoma,34.25103751,-97.28552485,48111.0
40021,Cherokee,Oklahoma,35.90692775,-94.99980896,48657.0
40023,Choctaw,Oklahoma,34.02807439,-95.54771129,14672.0
40025,Cimarron,Oklahoma,36.74817177,-102.5173885,2137.0
40027,Cleveland,Oklahoma,35.20413532,-97.32519562,284014.0
40029,Coal,Oklahoma,34.58840127,-96.29798747,5495.0
40031,Comanche,Oklahoma,34.65973764,-98.47195055,120749.0
40033,Cotton,Oklahoma,34.28845626,-98.37053567,5666.0
40035,Craig,Oklahoma,36.76268118,-95.20916602,14142.0
40037,Creek,Oklahoma,35.90230551,-96.37086028,71522.0
40039,Custer,Oklahoma,35.63853802,-99.00170785,29003.0
40041,Delaware,Oklahoma,36.40823634,-94.80325046,43009.0
40043,Dewey,Oklahoma,35.98772922,-99.00730714,4891.0
40045,Ellis,Oklahoma,36.2180194,-99.75324573,3859.0
40047,Garfield,Oklahoma,36.3791334,-97.78265517,61056.0
40049,Garvin,Oklahoma,34.70418038,-97.30811132,27711.0
40051,Grady,Oklahoma,35.0167709,-97.88339847,55834.0
40053,Grant,Oklahoma,36.796297,-97.78638765,4333.0
40055,Greer,Oklahoma,34.93535801,-99.5605612,5712.0
40057,Harmon,Oklahoma,34.7440135,-99.84741652,2653.0
40059,Harper,Oklahoma,36.78836519,-99.6679804,3688.0
40061,Haskell,Oklahoma,35.222576,-95.11513306,12627.0
40063,Hughes,Oklahoma,35.04912569,-96.24921145,13279.0
40065,Jackson,Oklahoma,34.58781741,-99.41138784,24530.0
40067,Jefferson,Oklahoma,34.11130184,-97.83182974,6002.0
40069,Johnston,Oklahoma,34.31440473,-96.66011537,11085.0
40071,Kay,Oklahoma,36.81799745,-97.14421435,43538.0
40073,Kingfisher,Oklahoma,35.94530008,-97.94193268,15765.0
40075,Kiowa,Oklahoma,34.91671958,-98.97720696,8708.0
40077,Latimer,Oklahoma,34.87844729,-95.25215049,10073.0
40079,Le Flore,Oklahoma,34.89851864,-94.70392124,49853.0
40081,Lincoln,Oklahoma,35.70270942,-96.8812462,34877.0
40083,Logan,Oklahoma,35.91899576,-97.44352845,48011.0
40085,Love,Oklahoma,33.95273467,-97.23906784,10253.0
40087,McClain,Oklahoma,35.01123903,-97.44572302,40474.0
40089,McCurtain,Oklahoma,34.11664328,-94.77222373,32832.0
40091,McIntosh,Oklahoma,35.37235506,-95.66599306,19596.0
40093,Major,Oklahoma,36.31149996,-98.53467076,7629.0
40095,Marshall,Oklahoma,34.02311222,-96.76855464,16931.0
40097,Mayes,Oklahoma,36.30179091,-95.23175116,41100.0
40099,Murray,Oklahoma,34.48116015,-97.06826283,14073.0
40101,Muskogee,Oklahoma,35.61318461,-95.37802952,67997.0
40103,Noble,Oklahoma,36.38953329,-97.22928674,11131.0
40105,Nowata,Oklahoma,36.79843529,-95.61902331,10076.0
40107,Okfuskee,Oklahoma,35.46485198,-96.32639984,11993.0
40109,Oklahoma,Oklahoma,35.55140095,-97.40716948,797434.0
40111,Okmulgee,Oklahoma,35.64661916,-95.96432828,38465.0
40113,Osage,Oklahoma,36.62888819,-96.39635704,46963.0
40115,Ottawa,Oklahoma,36.83532655,-94.81011909,31127.0
40117,Pawnee,Oklahoma,36.31743373,-96.7033176,16376.0
40119,Payne,Oklahoma,36.07695283,-96.97584944,81784.0
40121,Pittsburg,Oklahoma,34.92065823,-95.7513432,43654.0
40123,Pontotoc,Oklahoma,34.72959848,-96.68337199,38284.0
40125,Pottawatomie,Oklahoma,35.20614018,-96.94923008,72592.0
40127,Pushmataha,Oklahoma,34.41635232,-95.37603505,11096.0
40129,Roger Mills,Oklahoma,35.68711719,-99.69666167,3583.0
40131,Rogers,Oklahoma,36.37004357,-95.60406759,92459.0
40133,Seminole,Oklahoma,35.16478725,-96.61686741,24258.0
40135,Sequoyah,Oklahoma,35.49447108,-94.75463785,41569.0
40137,Stephens,Oklahoma,34.48556989,-97.85141892,43143.0
40139,Texas,Oklahoma,36.74777635,-101.4889765,19983.0
40141,Tillman,Oklahoma,34.37288446,-98.92426619,7250.0
40143,Tulsa,Oklahoma,36.11939621,-95.94013939,651552.0
40145,Wagoner,Oklahoma,35.96024096,-95.51911308,81289.0
40147,Washington,Oklahoma,36.71380786,-95.90514104,51527.0
40149,Washita,Oklahoma,35.29071824,-98.99180434,10916.0
40151,Woods,Oklahoma,36.76705782,-98.86573064,8793.0
40153,Woodward,Oklahoma,36.42316318,-99.26283045,20211.0
41001,Baker,Oregon,44.70915557,-117.6749883,16124.0
41003,Benton,Oregon,44.49167306,-123.4316987,93053.0
41005,Clackamas,Oregon,45.18787398,-122.2179634,418187.0
41007,Clatsop,Oregon,45.99712889,-123.660711,40224.0
41009,Columbia,Oregon,45.94464254,-123.0890898,52354.0
41011,Coos,Oregon,43.17406868,-124.0594514,64487.0
41013,Crook,Oregon,44.14230227,-120.356297,24404.0
41015,Curry,Oregon,42.45911325,-124.157282,22925.0
41017,Deschutes,Oregon,43.91570171,-121.2289121,197692.0
41019,Douglas,Oregon,43.27941273,-123.167291,110980.0
41021,Gilliam,Oregon,45.37160076,-120.2048869,1912.0
41023,Grant,Oregon,44.49024544,-119.0068631,7199.0
41025,Harney,Oregon,43.06422669,-118.9666306,7393.0
41027,Hood River,Oregon,45.51872811,-121.6552036,23382.0
41029,Jackson,Oregon,42.43201126,-122.7289309,220944.0
41031,Jefferson,Oregon,44.62806839,-121.17832,24658.0
41033,Josephine,Oregon,42.3665549,-123.5561938,87487.0
41035,Klamath,Oregon,42.68762984,-121.6496461,68238.0
41037,Lake,Oregon,42.79246693,-120.3850163,7869.0
41039,Lane,Oregon,43.93727035,-122.847753,382067.0
41041,Lincoln,Oregon,44.64252874,-123.869912,49962.0
41043,Linn,Oregon,44.48899494,-122.5373154,129749.0
41045,Malheur,Oregon,43.1937027,-117.6227395,30571.0
41047,Marion,Oregon,44.90287942,-122.5815117,347818.0
41049,Morrow,Oregon,45.41846568,-119.584546,11603.0
41051,Multnomah,Oregon,45.54747959,-122.4169351,812855.0
41053,Polk,Oregon,44.90322804,-123.4128888,86085.0
41055,Sherman,Oregon,45.41501554,-120.6827834,1780.0
41057,Tillamook,Oregon,45.46248721,-123.712066,27036.0
41059,Umatilla,Oregon,45.59073056,-118.7353826,77950.0
41061,Union,Oregon,45.30915495,-118.0068979,26835.0
41063,Wallowa,Oregon,45.57894064,-117.183538,7208.0
41065,Wasco,Oregon,45.16292781,-121.1670954,26682.0
41067,Washington,Oregon,45.55972701,-123.0955257,601592.0
41069,Wheeler,Oregon,44.72698162,-120.0281427,1332.0
41071,Yamhill,Oregon,45.23330449,-123.3086963,107100.0
42001,Adams,Pennsylvania,39.87140411,-77.21610347,103009.0
42003,Allegheny,Pennsylvania,40.46809875,-79.98167747,1216045.0
42005,Armstrong,Pennsylvania,40.81665618,-79.46290811,64735.0
42007,Beaver,Pennsylvania,40.6825484,-80.34921611,163929.0
42009,Bedford,Pennsylvania,40.00522157,-78.48998442,47888.0
42011,Berks,Pennsylvania,40.41570541,-75.92457766,421164.0
42013,Blair,Pennsylvania,40.47961444,-78.34917412,121829.0
42015,Bradford,Pennsylvania,41.78869215,-76.51570822,60323.0
42017,Bucks,Pennsylvania,40.33682119,-75.10836643,628270.0
42019,Butler,Pennsylvania,40.91152759,-79.91351055,187853.0
42021,Cambria,Pennsylvania,40.49527404,-78.71377428,130192.0
42023,Cameron,Pennsylvania,41.43625568,-78.20376845,4447.0
42025,Carbon,Pennsylvania,40.91545395,-75.7068525,64182.0
42027,Centre,Pennsylvania,40.92058903,-77.82200624,162385.0
42029,Chester,Pennsylvania,39.97291773,-75.74768357,524989.0
42031,Clarion,Pennsylvania,41.19265812,-79.42413524,38438.0
42033,Clearfield,Pennsylvania,41.00110782,-78.47592663,79255.0
42035,Clinton,Pennsylvania,41.23255967,-77.63785995,38632.0
42037,Columbia,Pennsylvania,41.04821986,-76.40565017,64964.0
42039,Crawford,Pennsylvania,41.68447709,-80.10760592,84629.0
42041,Cumberland,Pennsylvania,40.1625372,-77.26130755,253370.0
42043,Dauphin,Pennsylvania,40.41377078,-76.77993242,278299.0
42045,Delaware,Pennsylvania,39.91680171,-75.40243663,566747.0
42047,Elk,Pennsylvania,41.42822061,-78.64524744,29910.0
42049,Erie,Pennsylvania,41.99253829,-80.03301954,269728.0
42051,Fayette,Pennsylvania,39.92041012,-79.64291195,129274.0
42053,Forest,Pennsylvania,41.51095103,-79.23229292,7247.0
42055,Franklin,Pennsylvania,39.92956518,-77.72157791,155027.0
42057,Fulton,Pennsylvania,39.92913544,-78.11163677,14530.0
42059,Greene,Pennsylvania,39.85746531,-80.22357106,36233.0
42061,Huntingdon,Pennsylvania,40.42162652,-77.97673273,45144.0
42063,Indiana,Pennsylvania,40.65241041,-79.08963285,84073.0
42065,Jefferson,Pennsylvania,41.12913106,-78.9986361,43425.0
42067,Juniata,Pennsylvania,40.53358749,-77.3997513,24763.0
42069,Lackawanna,Pennsylvania,41.43564672,-75.60379201,209674.0
42071,Lancaster,Pennsylvania,40.03904563,-76.24770128,545724.0
42073,Lawrence,Pennsylvania,40.99206278,-80.33393706,85512.0
42075,Lebanon,Pennsylvania,40.36680311,-76.45651841,141793.0
42077,Lehigh,Pennsylvania,40.6154815,-75.59435245,369318.0
42079,Luzerne,Pennsylvania,41.17823008,-75.98447579,317417.0
42081,Lycoming,Pennsylvania,41.34310539,-77.06629984,113299.0
42083,McKean,Pennsylvania,41.80938602,-78.56478358,40625.0
42085,Mercer,Pennsylvania,41.30248872,-80.25816981,109424.0
42087,Mifflin,Pennsylvania,40.61116939,-77.61070738,46138.0
42089,Monroe,Pennsylvania,41.05934058,-75.34031025,170271.0
42091,Montgomery,Pennsylvania,40.21053671,-75.36652296,830915.0
42093,Montour,Pennsylvania,41.03023987,-76.66345939,18230.0
42095,Northampton,Pennsylvania,40.75182733,-75.30471829,305285.0
42097,Northumberland,Pennsylvania,40.84785433,-76.70798222,90843.0
42099,Perry,Pennsylvania,40.40206612,-77.26297447,46272.0
42101,Philadelphia,Pennsylvania,40.00338507,-75.1379271,1584064.0
42103,Pike,Pennsylvania,41.33155042,-75.03208106,55809.0
42105,Potter,Pennsylvania,41.74471626,-77.89559864,16526.0
42107,Schuylkill,Pennsylvania,40.70497338,-76.2150785,141359.0
42109,Snyder,Pennsylvania,40.77129231,-77.06840691,40372.0
42111,Somerset,Pennsylvania,39.97172723,-79.02699593,73447.0
42113,Sullivan,Pennsylvania,41.44634738,-76.51246591,6066.0
42115,Susquehanna,Pennsylvania,41.82147784,-75.80071959,40328.0
42117,Tioga,Pennsylvania,41.77255149,-77.25433032,40591.0
42119,Union,Pennsylvania,40.96188846,-77.05996014,44923.0
42121,Venango,Pennsylvania,41.40323442,-79.75845449,50668.0
42123,Warren,Pennsylvania,41.81304978,-79.26969577,39191.0
42125,Washington,Pennsylvania,40.19208869,-80.24582867,206865.0
42127,Wayne,Pennsylvania,41.64938475,-75.29956506,51361.0
42129,Westmoreland,Pennsylvania,40.3137798,-79.46615476,348899.0
42131,Wyoming,Pennsylvania,41.51955538,-76.01074915,26794.0
42133,York,Pennsylvania,39.9210089,-76.73040131,449058.0
44001,Bristol,Rhode Island,41.71018079,-71.28652315,48479.0
44003,Kent,Rhode Island,41.67106337,-71.57641596,164292.0
44005,Newport,Rhode Island,41.5642026,-71.26569799,82082.0
44007,Providence,Rhode Island,41.87064746,-71.57753536,638931.0
44009,Washington,Rhode Island,41.45961631,-71.61435303,125577.0
45001,Abbeville,South Carolina,34.22333378,-82.46170658,24527.0
45003,Aiken,South Carolina,33.54338026,-81.63645384,170872.0
45005,Allendale,South Carolina,32.98837386,-81.35321066,8688.0
45007,Anderson,South Carolina,34.51828081,-82.63959517,202558.0
45009,Bamberg,South Carolina,33.21927586,-81.05659969,14066.0
45011,Barnwell,South Carolina,33.26679302,-81.43584352,20866.0
45013,Beaufort,South Carolina,32.39226291,-80.72619758,192122.0
45015,Berkeley,South Carolina,33.20222596,-79.94654523,227907.0
45017,Calhoun,South Carolina,33.66926881,-80.77722168,14553.0
45019,Charleston,South Carolina,32.82487866,-79.96512315,411406.0
45021,Cherokee,South Carolina,35.05122251,-81.61828622,57300.0
45023,Chester,South Carolina,34.69249168,-81.1583216,32244.0
45025,Chesterfield,South Carolina,34.64137396,-80.1564014,45650.0
45027,Clarendon,South Carolina,33.66610974,-80.21647898,33745.0
45029,Colleton,South Carolina,32.87582989,-80.67641292,37677.0
45031,Darlington,South Carolina,34.33358335,-79.96027485,66618.0
45033,Dillon,South Carolina,34.39007791,-79.37741872,30479.0
45035,Dorchester,South Carolina,33.0794369,-80.40502652,162809.0
45037,Edgefield,South Carolina,33.77221995,-81.96231108,27260.0
45039,Fairfield,South Carolina,34.39287073,-81.1195624,22347.0
45041,Florence,South Carolina,34.02361754,-79.70189312,138293.0
45043,Georgetown,South Carolina,33.43443342,-79.33202141,62680.0
45045,Greenville,South Carolina,34.89502264,-82.37295012,523542.0
45047,Greenwood,South Carolina,34.15272415,-82.12715789,70811.0
45049,Hampton,South Carolina,32.77419582,-81.13845571,19222.0
45051,Horry,South Carolina,33.9212828,-78.99555293,354081.0
45053,Jasper,South Carolina,32.43171982,-81.02487495,30073.0
45055,Kershaw,South Carolina,34.33988254,-80.58763164,66551.0
45057,Lancaster,South Carolina,34.68270843,-80.70513032,98012.0
45059,Laurens,South Carolina,34.48244419,-82.00490796,67493.0
45061,Lee,South Carolina,34.16393091,-80.25690731,16828.0
45063,Lexington,South Carolina,33.89665987,-81.27146426,298750.0
45065,McCormick,South Carolina,33.90161443,-82.30794338,9463.0
45067,Marion,South Carolina,34.07859748,-79.36400756,30657.0
45069,Marlboro,South Carolina,34.59905577,-79.67561152,26118.0
45071,Newberry,South Carolina,34.28629098,-81.59935761,38440.0
45073,Oconee,South Carolina,34.75225169,-83.06742317,79546.0
45075,Orangeburg,South Carolina,33.4391073,-80.79886287,86175.0
45077,Pickens,South Carolina,34.88807695,-82.72791551,126884.0
45079,Richland,South Carolina,34.01791263,-80.90267209,415759.0
45081,Saluda,South Carolina,34.00795823,-81.72713237,20473.0
45083,Spartanburg,South Carolina,34.92960077,-81.99225984,319785.0
45085,Sumter,South Carolina,33.91826534,-80.37942316,106721.0
45087,Union,South Carolina,34.68835752,-81.61730349,27316.0
45089,Williamsburg,South Carolina,33.62190129,-79.72767442,30368.0
45091,York,South Carolina,34.97281497,-81.18085944,280979.0
46003,Aurora,South Dakota,43.71757685,-98.56050467,2751.0
46005,Beadle,South Dakota,44.41464384,-98.27858469,18453.0
46007,Bennett,South Dakota,43.19486375,-101.6665572,3365.0
46009,Bon Homme,South Dakota,42.98914167,-97.88592746,6901.0
46011,Brookings,South Dakota,44.36974375,-96.79079945,35077.0
46013,Brown,South Dakota,45.58994323,-98.35165355,38839.0
46015,Brule,South Dakota,43.71756379,-99.08118954,5297.0
46017,Buffalo,South Dakota,44.07657829,-99.20814467,1962.0
46019,Butte,South Dakota,44.90608745,-103.5079318,10429.0
46021,Campbell,South Dakota,45.77074915,-100.0510181,1376.0
46023,Charles Mix,South Dakota,43.20660134,-98.58856175,9292.0
46025,Clark,South Dakota,44.85834507,-97.72925109,3736.0
46027,Clay,South Dakota,42.91296147,-96.97656917,14070.0
46029,Codington,South Dakota,44.97788119,-97.18827677,28009.0
46031,Corson,South Dakota,45.70889983,-101.1970473,4086.0
46033,Custer,South Dakota,43.67741105,-103.4534521,8972.0
46035,Davison,South Dakota,43.67490933,-98.14458906,19775.0
46037,Day,South Dakota,45.367281,-97.60737498,5424.0
46039,Deuel,South Dakota,44.75994309,-96.66943645,4351.0
46041,Dewey,South Dakota,45.15639647,-100.8709139,5892.0
46043,Douglas,South Dakota,43.38520741,-98.36978007,2921.0
46045,Edmunds,South Dakota,45.41846445,-99.21545423,3829.0
46047,Fall River,South Dakota,43.23929297,-103.5275691,6713.0
46049,Faulk,South Dakota,45.07082625,-99.14535601,2299.0
46051,Grant,South Dakota,45.1723937,-96.77002276,7052.0
46053,Gregory,South Dakota,43.19419064,-99.18883902,4185.0
46055,Haakon,South Dakota,44.29299053,-101.539099,1899.0
46057,Hamlin,South Dakota,44.67385954,-97.18829593,6164.0
46059,Hand,South Dakota,44.54708407,-99.00386459,3191.0
46061,Hanson,South Dakota,43.6746384,-97.78715148,3453.0
46063,Harding,South Dakota,45.58015551,-103.4958629,1298.0
46065,Hughes,South Dakota,44.39091534,-99.99661148,17526.0
46067,Hutchinson,South Dakota,43.33449012,-97.75536441,7291.0
46069,Hyde,South Dakota,44.54747703,-99.48572582,1301.0
46071,Jackson,South Dakota,43.69318385,-101.6255063,3344.0
46073,Jerauld,South Dakota,44.06637798,-98.62965972,2013.0
46075,Jones,South Dakota,43.96278565,-100.6940008,903.0
46077,Kingsbury,South Dakota,44.36956169,-97.4913945,4939.0
46079,Lake,South Dakota,44.02193107,-97.12926365,12797.0
46081,Lawrence,South Dakota,44.35919441,-103.7929428,25844.0
46083,Lincoln,South Dakota,43.27841182,-96.7203905,61128.0
46085,Lyman,South Dakota,43.89522709,-99.85201878,3781.0
46087,McCook,South Dakota,43.6742571,-97.36863144,5586.0
46089,McPherson,South Dakota,45.76626028,-99.22118798,2379.0
46091,Marshall,South Dakota,45.75870838,-97.59855639,4935.0
46093,Meade,South Dakota,44.56676791,-102.7162741,28332.0
46095,Mellette,South Dakota,43.58078848,-100.7563186,2061.0
46097,Miner,South Dakota,44.02197882,-97.60992207,2216.0
46099,Minnehaha,South Dakota,43.67441641,-96.7910885,193134.0
46101,Moody,South Dakota,44.02266214,-96.67081159,6576.0
46102,Oglala Lakota,South Dakota,43.33749164,-102.5555498,14177.0
46103,Pennington,South Dakota,44.0025835,-102.8240777,113775.0
46105,Perkins,South Dakota,45.49049506,-102.4755586,2865.0
46107,Potter,South Dakota,45.06583079,-99.95498503,2153.0
46109,Roberts,South Dakota,45.62975048,-96.94672673,10394.0
46111,Sanborn,South Dakota,44.02351092,-98.0909816,2344.0
46115,Spink,South Dakota,44.93837606,-98.34626602,6376.0
46117,Stanley,South Dakota,44.41381872,-100.7349153,3098.0
46119,Sully,South Dakota,44.71571812,-100.1278092,1391.0
46121,Todd,South Dakota,43.19338568,-100.7195503,10177.0
46123,Tripp,South Dakota,43.34459388,-99.8854891,5441.0
46125,Turner,South Dakota,43.3109081,-97.14865776,8384.0
46127,Union,South Dakota,42.83112163,-96.6557828,15932.0
46129,Walworth,South Dakota,45.43019636,-100.0307514,5435.0
46135,Yankton,South Dakota,43.00924485,-97.39467635,22814.0
46137,Ziebach,South Dakota,44.97881876,-101.6654622,2756.0
47001,Anderson,Tennessee,36.12684348,-84.19965764,76978.0
47003,Bedford,Tennessee,35.51123746,-86.45549096,49713.0
47005,Benton,Tennessee,36.07110411,-88.06849355,16160.0
47007,Bledsoe,Tennessee,35.59942968,-85.20611967,15064.0
47009,Blount,Tennessee,35.68938198,-83.92847788,133088.0
47011,Bradley,Tennessee,35.15739424,-84.857186,108110.0
47013,Campbell,Tennessee,36.40355516,-84.1510856,39842.0
47015,Cannon,Tennessee,35.80990797,-86.05738983,14678.0
47017,Carroll,Tennessee,35.97366108,-88.45189331,27767.0
47019,Carter,Tennessee,36.28969086,-82.12588974,56391.0
47021,Cheatham,Tennessee,36.26136216,-87.08903581,40667.0
47023,Chester,Tennessee,35.42527478,-88.6095842,17297.0
47025,Claiborne,Tennessee,36.48319149,-83.65947309,31959.0
47027,Clay,Tennessee,36.55151008,-85.53930419,7615.0
47029,Cocke,Tennessee,35.9278914,-83.11828725,36004.0
47031,Coffee,Tennessee,35.49090731,-86.07311784,56520.0
47033,Crockett,Tennessee,35.81830662,-89.14916269,14230.0
47035,Cumberland,Tennessee,35.95271721,-84.99840585,60520.0
47037,Davidson,Tennessee,36.17007426,-86.78646056,694144.0
47039,Decatur,Tennessee,35.60048904,-88.11043779,11663.0
47041,DeKalb,Tennessee,35.97616272,-85.83689361,20490.0
47043,Dickson,Tennessee,36.14669837,-87.35891709,53948.0
47045,Dyer,Tennessee,36.05931946,-89.41542855,37159.0
47047,Fayette,Tennessee,35.19615831,-89.41399032,41133.0
47049,Fentress,Tennessee,36.38128818,-84.92870012,18523.0
47051,Franklin,Tennessee,35.15634626,-86.09201039,42208.0
47053,Gibson,Tennessee,35.99438059,-88.93358327,49133.0
47055,Giles,Tennessee,35.20222469,-87.03992678,29464.0
47057,Grainger,Tennessee,36.27469206,-83.51254721,23320.0
47059,Greene,Tennessee,36.17470125,-82.84691273,69069.0
47061,Grundy,Tennessee,35.38433717,-85.72142731,13427.0
47063,Hamblen,Tennessee,36.21990035,-83.26586179,64934.0
47065,Hamilton,Tennessee,35.17670231,-85.16652245,367804.0
47067,Hancock,Tennessee,36.52692871,-83.22375847,6620.0
47069,Hardeman,Tennessee,35.20772017,-88.99161161,25050.0
47071,Hardin,Tennessee,35.19732531,-88.18593755,25652.0
47073,Hawkins,Tennessee,36.44355426,-82.94885298,56786.0
47075,Haywood,Tennessee,35.58332824,-89.28536625,17304.0
47077,Henderson,Tennessee,35.65581134,-88.38600175,28117.0
47079,Henry,Tennessee,36.33160906,-88.30121797,32345.0
47081,Hickman,Tennessee,35.80609681,-87.47643507,25178.0
47083,Houston,Tennessee,36.28872054,-87.71878828,8201.0
47085,Humphreys,Tennessee,36.03958805,-87.77992872,18582.0
47087,Jackson,Tennessee,36.36380466,-85.67239905,11786.0
47089,Jefferson,Tennessee,36.04818632,-83.45148924,54495.0
47091,Johnson,Tennessee,36.4552395,-81.84886538,17788.0
47093,Knox,Tennessee,35.99508821,-83.94635435,470313.0
47095,Lake,Tennessee,36.3418017,-89.48921915,7016.0
47097,Lauderdale,Tennessee,35.75893438,-89.6301591,25633.0
47099,Lawrence,Tennessee,35.21675201,-87.39787695,44142.0
47101,Lewis,Tennessee,35.52853208,-87.49022694,12268.0
47103,Lincoln,Tennessee,35.13738622,-86.58910106,34366.0
47105,Loudon,Tennessee,35.73939663,-84.31145275,54068.0
47107,McMinn,Tennessee,35.42812616,-84.61520715,53794.0
47109,McNairy,Tennessee,35.17468549,-88.5647812,25694.0
47111,Macon,Tennessee,36.53157855,-86.00778595,24602.0
47113,Madison,Tennessee,35.61181957,-88.84076036,97984.0
47115,Marion,Tennessee,35.12997174,-85.62265895,28907.0
47117,Marshall,Tennessee,35.45798777,-86.76420988,34375.0
47119,Maury,Tennessee,35.6187413,-87.07462444,96387.0
47121,Meigs,Tennessee,35.51558739,-84.81482914,12422.0
47123,Monroe,Tennessee,35.44550387,-84.24902965,46545.0
47125,Montgomery,Tennessee,36.49609412,-87.38550661,208993.0
47127,Moore,Tennessee,35.27724699,-86.36230578,6488.0
47129,Morgan,Tennessee,36.13248031,-84.64880098,21403.0
47131,Obion,Tennessee,36.35732446,-89.14921589,30069.0
47133,Overton,Tennessee,36.34117832,-85.28989535,22241.0
47135,Perry,Tennessee,35.63708728,-87.86139634,8076.0
47137,Pickett,Tennessee,36.55606529,-85.077633,5048.0
47139,Polk,Tennessee,35.12245443,-84.52075859,16832.0
47141,Putnam,Tennessee,36.14005459,-85.50646123,80245.0
47143,Rhea,Tennessee,35.60536161,-84.93076643,33167.0
47145,Roane,Tennessee,35.84923189,-84.52458689,53382.0
47147,Robertson,Tennessee,36.52454807,-86.87346725,71813.0
47149,Rutherford,Tennessee,35.84591405,-86.4107263,332285.0
47151,Scott,Tennessee,36.42325673,-84.50360494,22068.0
47153,Sequatchie,Tennessee,35.36979721,-85.41022136,15026.0
47155,Sevier,Tennessee,35.78077323,-83.52244332,98250.0
47157,Shelby,Tennessee,35.1864775,-89.89692423,937166.0
47159,Smith,Tennessee,36.25359775,-85.95411046,20157.0
47161,Stewart,Tennessee,36.50235092,-87.83920548,13715.0
47163,Sullivan,Tennessee,36.51240691,-82.30412917,158348.0
47165,Sumner,Tennessee,36.46824103,-86.45917204,191283.0
47167,Tipton,Tennessee,35.501942,-89.73694895,61599.0
47169,Trousdale,Tennessee,36.39026213,-86.16087954,11284.0
47171,Unicoi,Tennessee,36.10890856,-82.43709629,17883.0
47173,Union,Tennessee,36.28590426,-83.83651902,19972.0
47175,Van Buren,Tennessee,35.69864497,-85.45221699,5872.0
47177,Warren,Tennessee,35.6728299,-85.77969117,41277.0
47179,Washington,Tennessee,36.29472368,-82.4945472,129375.0
47181,Wayne,Tennessee,35.23868267,-87.78644456,16673.0
47183,Weakley,Tennessee,36.29896232,-88.71990865,33328.0
47185,White,Tennessee,35.92929884,-85.45591799,27345.0
47187,Williamson,Tennessee,35.89099229,-86.89281867,238412.0
47189,Wilson,Tennessee,36.15496772,-86.29775884,144657.0
48001,Anderson,Texas,31.81534745,-95.65354823,57735.0
48003,Andrews,Texas,32.30468633,-102.6376548,18705.0
48005,Angelina,Texas,31.25457347,-94.60901487,86715.0
48007,Aransas,Texas,28.10556197,-96.9995047,23510.0
48009,Archer,Texas,33.61569967,-98.68754589,8553.0
48011,Armstrong,Texas,34.96507426,-101.3574874,1887.0
48013,Atascosa,Texas,28.89333001,-98.52730485,51153.0
48015,Austin,Texas,29.88548725,-96.27736949,30032.0
48017,Bailey,Texas,34.06854817,-102.8299707,7000.0
48019,Bandera,Texas,29.74619598,-99.24598147,23112.0
48021,Bastrop,Texas,30.10370699,-97.31206354,88723.0
48023,Baylor,Texas,33.61640794,-99.21352901,3509.0
48025,Bee,Texas,28.41761668,-97.74215593,32565.0
48027,Bell,Texas,31.03736027,-97.4785025,362924.0
48029,Bexar,Texas,29.44928723,-98.52019748,2003554.0
48031,Blanco,Texas,30.26640707,-98.3999852,11931.0
48033,Borden,Texas,32.74363984,-101.4316509,654.0
48035,Bosque,Texas,31.89978581,-97.63613524,18685.0
48037,Bowie,Texas,33.44626922,-94.41834132,93245.0
48039,Brazoria,Texas,29.18757369,-95.44563172,374264.0
48041,Brazos,Texas,30.6636448,-96.30205577,229211.0
48043,Brewster,Texas,29.81008251,-103.2520326,9203.0
48045,Briscoe,Texas,34.53026962,-101.2084947,1546.0
48047,Brooks,Texas,27.03103197,-98.21808402,7093.0
48049,Brown,Texas,31.77430356,-98.99907113,37864.0
48051,Burleson,Texas,30.49273808,-96.62158484,18443.0
48053,Burnet,Texas,30.78801353,-98.181887,48155.0
48055,Caldwell,Texas,29.83668859,-97.61814775,43664.0
48057,Calhoun,Texas,28.47048236,-96.61633945,21290.0
48059,Callahan,Texas,32.29760619,-99.37326312,13943.0
48061,Cameron,Texas,26.14524221,-97.48140372,423163.0
48063,Camp,Texas,32.97195142,-94.97790104,13094.0
48065,Carson,Texas,35.40365929,-101.3542669,5926.0
48067,Cass,Texas,33.07499881,-94.34646905,30026.0
48069,Castro,Texas,34.53016752,-102.2617243,7530.0
48071,Chambers,Texas,29.70972016,-94.67154501,43837.0
48073,Cherokee,Texas,31.837258,-95.16559897,52646.0
48075,Childress,Texas,34.5293041,-100.2077916,7306.0
48077,Clay,Texas,33.78686685,-98.20771198,10471.0
48079,Cochran,Texas,33.60425307,-102.8284499,2853.0
48081,Coke,Texas,31.88911733,-100.5297533,3387.0
48083,Coleman,Texas,31.76736834,-99.45240766,8175.0
48085,Collin,Texas,33.18820114,-96.57264368,1034730.0
48087,Collingsworth,Texas,34.96489496,-100.2700111,2920.0
48089,Colorado,Texas,29.622098,-96.5273805,21493.0
48091,Comal,Texas,29.80811278,-98.27647225,156209.0
48093,Comanche,Texas,31.94854689,-98.55876441,13635.0
48095,Concho,Texas,31.32635934,-99.86473038,2726.0
48097,Cooke,Texas,33.63979567,-97.21240912,41257.0
48099,Coryell,Texas,31.39078397,-97.79936155,75951.0
48101,Cottle,Texas,34.07783319,-100.2785062,1398.0
48103,Crane,Texas,31.43052248,-102.5143314,4797.0
48105,Crockett,Texas,30.72367027,-101.4134238,3464.0
48107,Crosby,Texas,33.61431553,-101.3000364,5737.0
48109,Culberson,Texas,31.44506775,-104.5185739,2171.0
48111,Dallam,Texas,36.27787176,-102.6020725,7287.0
48113,Dallas,Texas,32.76670599,-96.7779605,2635516.0
48115,Dawson,Texas,32.74255572,-101.9477242,12728.0
48117,Deaf Smith,Texas,34.96522957,-102.6054267,18546.0
48119,Delta,Texas,33.38570922,-95.66921122,5331.0
48121,Denton,Texas,33.20521901,-97.11691153,887207.0
48123,DeWitt,Texas,29.08101855,-97.3568117,20160.0
48125,Dickens,Texas,33.61616822,-100.7788855,2211.0
48127,Dimmit,Texas,28.42270064,-99.75645095,10124.0
48129,Donley,Texas,34.96517499,-100.8140093,3278.0
48131,Duval,Texas,27.68184592,-98.50864568,11157.0
48133,Eastland,Texas,32.32743996,-98.83243566,18360.0
48135,Ector,Texas,31.86898877,-102.5429428,166223.0
48137,Edwards,Texas,29.98202582,-100.304252,1932.0
48139,Ellis,Texas,32.34894117,-96.79371841,184826.0
48141,El Paso,Texas,31.76980765,-106.2363275,839238.0
48143,Erath,Texas,32.23602653,-98.21773417,42698.0
48145,Falls,Texas,31.25350609,-96.93630086,17297.0
48147,Fannin,Texas,33.59564294,-96.10751083,35514.0
48149,Fayette,Texas,29.87788372,-96.92076062,25346.0
48151,Fisher,Texas,32.74281316,-100.4019302,3830.0
48153,Floyd,Texas,34.07227468,-101.3031546,5712.0
48155,Foard,Texas,33.97308618,-99.7767797,1155.0
48157,Fort Bend,Texas,29.52704478,-95.77219463,811688.0
48159,Franklin,Texas,33.17653242,-95.21917243,10725.0
48161,Freestone,Texas,31.70422788,-96.15072516,19717.0
48163,Frio,Texas,28.86751206,-99.10804207,20306.0
48165,Gaines,Texas,32.74055318,-102.6353295,21492.0
48167,Galveston,Texas,29.40167322,-94.90469073,342139.0
48169,Garza,Texas,33.17969345,-101.2984114,6229.0
48171,Gillespie,Texas,30.31824095,-98.94676915,26988.0
48173,Glasscock,Texas,31.86942909,-101.5207776,1409.0
48175,Goliad,Texas,28.65696592,-97.42760647,7658.0
48177,Gonzales,Texas,29.45634206,-97.49424032,20837.0
48179,Gray,Texas,35.40081878,-100.8129222,21886.0
48181,Grayson,Texas,33.62744998,-96.67753461,136212.0
48183,Gregg,Texas,32.47940482,-94.81591935,123945.0
48185,Grimes,Texas,30.54579585,-95.98902499,28880.0
48187,Guadalupe,Texas,29.58165339,-97.94786822,166847.0
48189,Hale,Texas,34.07044901,-101.8268114,33406.0
48191,Hall,Texas,34.5307555,-100.6813852,2964.0
48193,Hamilton,Texas,31.70470573,-98.11083887,8461.0
48195,Hansford,Texas,36.27743284,-101.3545796,5399.0
48197,Hardeman,Texas,34.28944521,-99.74632408,3933.0
48199,Hardin,Texas,30.33364686,-94.38931817,57602.0
48201,Harris,Texas,29.85864939,-95.39339521,4713325.0
48203,Harrison,Texas,32.54935988,-94.36934071,66553.0
48205,Hartley,Texas,35.84008013,-102.6029022,5576.0
48207,Haskell,Texas,33.17823584,-99.73037358,5658.0
48209,Hays,Texas,30.05669873,-98.02944344,230191.0
48211,Hemphill,Texas,35.83764858,-100.2703577,3819.0
48213,Henderson,Texas,32.21128872,-95.85846587,82737.0
48215,Hidalgo,Texas,26.39418217,-98.18299696,868707.0
48217,Hill,Texas,31.99045053,-97.13423143,36649.0
48219,Hockley,Texas,33.60771256,-102.3431676,23021.0
48221,Hood,Texas,32.42990927,-97.83242024,61643.0
48223,Hopkins,Texas,33.14875072,-95.56351139,37084.0
48225,Houston,Texas,31.31925973,-95.42226208,22968.0
48227,Howard,Texas,32.30621324,-101.4356444,36664.0
48229,Hudspeth,Texas,31.45628381,-105.388178,4886.0
48231,Hunt,Texas,33.12351514,-96.08551032,98594.0
48233,Hutchinson,Texas,35.84006574,-101.3546643,20938.0
48235,Irion,Texas,31.30375559,-100.982439,1536.0
48237,Jack,Texas,33.23377248,-98.17283469,8935.0
48239,Jackson,Texas,28.95472367,-96.57749563,14760.0
48241,Jasper,Texas,30.74685667,-94.02667579,35529.0
48243,Jeff Davis,Texas,30.71490589,-104.1399973,2274.0
48245,Jefferson,Texas,29.8832777,-94.16434171,251565.0
48247,Jim Hogg,Texas,27.04453923,-98.6968187,5200.0
48249,Jim Wells,Texas,27.73103938,-98.0904705,40482.0
48251,Johnson,Texas,32.37877812,-97.36615819,175817.0
48253,Jones,Texas,32.73997145,-99.87861576,20083.0
48255,Karnes,Texas,28.90705334,-97.85960149,15601.0
48257,Kaufman,Texas,32.5991417,-96.28734728,136154.0
48259,Kendall,Texas,29.94414155,-98.7113588,47431.0
48261,Kenedy,Texas,26.92601662,-97.66413984,404.0
48263,Kent,Texas,33.18104136,-100.7780939,762.0
48265,Kerr,Texas,30.06040006,-99.34930144,52600.0
48267,Kimble,Texas,30.48678918,-99.74856473,4337.0
48269,King,Texas,33.61643847,-100.2558057,272.0
48271,Kinney,Texas,29.34967888,-100.4186638,3667.0
48273,Kleberg,Texas,27.42435506,-97.69894948,30680.0
48275,Knox,Texas,33.60519951,-99.7422906,3664.0
48277,Lamar,Texas,33.66981763,-95.57404777,49859.0
48279,Lamb,Texas,34.06859623,-102.3516289,12893.0
48281,Lampasas,Texas,31.19531316,-98.24206613,21428.0
48283,La Salle,Texas,28.34453111,-99.09908775,7520.0
48285,Lavaca,Texas,29.38508402,-96.93186692,20154.0
48287,Lee,Texas,30.31120597,-96.97045773,17239.0
48289,Leon,Texas,31.29872538,-95.9936328,17404.0
48291,Liberty,Texas,30.15152688,-94.81205615,88219.0
48293,Limestone,Texas,31.5454767,-96.58095444,23437.0
48295,Lipscomb,Texas,36.27783108,-100.2733151,3233.0
48297,Live Oak,Texas,28.35101362,-98.1246786,12207.0
48299,Llano,Texas,30.70645047,-98.68475262,21795.0
48301,Loving,Texas,31.84947612,-103.5818571,169.0
48303,Lubbock,Texas,33.61008596,-101.8204789,310569.0
48305,Lynn,Texas,33.17657705,-101.8162849,5951.0
48307,McCulloch,Texas,31.1925468,-99.34682807,7984.0
48309,McLennan,Texas,31.55255453,-97.20217694,256623.0
48311,McMullen,Texas,28.35251708,-98.56769164,743.0
48313,Madison,Texas,30.96694679,-95.93003775,14284.0
48315,Marion,Texas,32.79868409,-94.3566123,9854.0
48317,Martin,Texas,32.30600051,-101.9513518,5771.0
48319,Mason,Texas,30.71780434,-99.22629416,4274.0
48321,Matagorda,Texas,28.81955746,-96.01230294,36643.0
48323,Maverick,Texas,28.7429195,-100.3157686,58722.0
48325,Medina,Texas,29.3557301,-99.11030298,51584.0
48327,Menard,Texas,30.88990665,-99.8204794,2138.0
48329,Midland,Texas,31.86904128,-102.0315682,176832.0
48331,Milam,Texas,30.7858183,-96.97718698,24823.0
48333,Mills,Texas,31.49557106,-98.59272068,4873.0
48335,Mitchell,Texas,32.30623474,-100.9212058,8545.0
48337,Montague,Texas,33.67521893,-97.72500958,19818.0
48339,Montgomery,Texas,30.30079133,-95.50572772,607391.0
48341,Moore,Texas,35.83769242,-101.8930281,20940.0
48343,Morris,Texas,33.11304005,-94.73255695,12388.0
48345,Motley,Texas,34.07408766,-100.779722,1200.0
48347,Nacogdoches,Texas,31.62017125,-94.61803994,65204.0
48349,Navarro,Texas,32.04620681,-96.47428766,50113.0
48351,Newton,Texas,30.78548982,-93.74408813,13595.0
48353,Nolan,Texas,32.30365282,-100.4060208,14714.0
48355,Nueces,Texas,27.736286,-97.5433285,362294.0
48357,Ochiltree,Texas,36.27829105,-100.8158184,9836.0
48359,Oldham,Texas,35.40425596,-102.6027606,2112.0
48361,Orange,Texas,30.11879481,-93.89412775,83396.0
48363,Palo Pinto,Texas,32.75310985,-98.31319001,29189.0
48365,Panola,Texas,32.1639596,-94.30552481,23194.0
48367,Parker,Texas,32.77757172,-97.80500621,142878.0
48369,Parmer,Texas,34.52993409,-102.7844668,9605.0
48371,Pecos,Texas,30.78097267,-102.7241261,15823.0
48373,Polk,Texas,30.79472531,-94.8276624,51353.0
48375,Potter,Texas,35.40133773,-101.893964,117415.0
48377,Presidio,Texas,29.99954402,-104.2408079,6704.0
48379,Rains,Texas,32.87109387,-95.79232691,12514.0
48381,Randall,Texas,34.96585996,-101.8971322,137713.0
48383,Reagan,Texas,31.36607041,-101.5232659,3849.0
48385,Real,Texas,29.83321503,-99.82018052,3452.0
48387,Red River,Texas,33.61886692,-95.04841765,12023.0
48389,Reeves,Texas,31.32323325,-103.6903896,15976.0
48391,Refugio,Texas,28.3238976,-97.15766311,6948.0
48393,Roberts,Texas,35.83809685,-100.813175,854.0
48395,Robertson,Texas,31.02539637,-96.51272246,17074.0
48397,Rockwall,Texas,32.89779518,-96.40771592,104915.0
48399,Runnels,Texas,31.8314342,-99.97616148,10264.0
48401,Rusk,Texas,32.10773545,-94.76176432,54406.0
48403,Sabine,Texas,31.34318809,-93.85440451,10542.0
48405,San Augustine,Texas,31.39457611,-94.17000399,8237.0
48407,San Jacinto,Texas,30.57933681,-95.16260304,28859.0
48409,San Patricio,Texas,28.00880118,-97.51763891,66730.0
48411,San Saba,Texas,31.1577796,-98.81758731,6055.0
48413,Schleicher,Texas,30.89740592,-100.5384842,2793.0
48415,Scurry,Texas,32.74613808,-100.9162664,16703.0
48417,Shackelford,Texas,32.73587756,-99.35401337,3265.0
48419,Shelby,Texas,31.79211404,-94.14550696,25274.0
48421,Sherman,Texas,36.27751473,-101.8933156,3022.0
48423,Smith,Texas,32.37474036,-95.2717568,232751.0
48425,Somervell,Texas,32.22236802,-97.77403489,9128.0
48427,Starr,Texas,26.56150059,-98.73892358,64633.0
48429,Stephens,Texas,32.73553157,-98.83631615,9366.0
48431,Sterling,Texas,31.82781912,-101.0500746,1291.0
48433,Stonewall,Texas,33.17906744,-100.2538401,1350.0
48435,Sutton,Texas,30.49856623,-100.5382014,3776.0
48437,Swisher,Texas,34.53028891,-101.7349174,7397.0
48439,Tarrant,Texas,32.77143818,-97.29101614,2102515.0
48441,Taylor,Texas,32.30163422,-99.89007449,138034.0
48443,Terrell,Texas,30.22429013,-102.0766732,776.0
48445,Terry,Texas,33.17402785,-102.3354521,12337.0
48447,Throckmorton,Texas,33.17751417,-99.21226795,1501.0
48449,Titus,Texas,33.21339719,-94.96797273,32750.0
48451,Tom Green,Texas,31.40464436,-100.462443,119200.0
48453,Travis,Texas,30.33432034,-97.7853562,1273954.0
48455,Trinity,Texas,31.0879489,-95.1367187,14651.0
48457,Tyler,Texas,30.77031716,-94.37690895,21672.0
48459,Upshur,Texas,32.73706798,-94.93999853,41753.0
48461,Upton,Texas,31.36868194,-102.0423217,3657.0
48463,Uvalde,Texas,29.35739637,-99.76229172,26741.0
48465,Val Verde,Texas,29.89149232,-101.1525205,49025.0
48467,Van Zandt,Texas,32.56483801,-95.83766469,56590.0
48469,Victoria,Texas,28.79780988,-96.96813006,92084.0
48471,Walker,Texas,30.73872995,-95.57440968,72971.0
48473,Waller,Texas,30.01058447,-95.99011759,55246.0
48475,Ward,Texas,31.50999644,-103.0927909,11998.0
48477,Washington,Texas,30.21498498,-96.40946246,35882.0
48479,Webb,Texas,27.7610369,-99.33237355,276652.0
48481,Wharton,Texas,29.27765923,-96.22319248,41556.0
48483,Wheeler,Texas,35.40114335,-100.2699514,5056.0
48485,Wichita,Texas,33.98842886,-98.7041034,132230.0
48487,Wilbarger,Texas,34.07945812,-99.24178437,12769.0
48489,Willacy,Texas,26.47411727,-97.61535848,21358.0
48491,Williamson,Texas,30.64655664,-97.6004854,590551.0
48493,Wilson,Texas,29.1732598,-98.08693082,51070.0
48495,Winkler,Texas,31.85008651,-103.0485163,8010.0
48497,Wise,Texas,33.21570665,-97.65460265,69984.0
48499,Wood,Texas,32.78722382,-95.38236368,45539.0
48501,Yoakum,Texas,33.17320212,-102.8276433,8713.0
48503,Young,Texas,33.17659707,-98.68790885,18010.0
48505,Zapata,Texas,27.00156391,-99.16987152,14179.0
48507,Zavala,Texas,28.86617238,-99.76050829,11840.0
49001,Beaver,Utah,38.35657051,-113.2342232,6710.0
49003,Box Elder,Utah,41.52106798,-113.0832816,56046.0
49005,Cache,Utah,41.72330587,-111.7443667,128289.0
49007,Carbon,Utah,39.64834818,-110.5872512,20463.0
49009,Daggett,Utah,40.88798265,-109.5121093,950.0
49011,Davis,Utah,40.99001837,-112.1139997,355481.0
49013,Duchesne,Utah,40.29772254,-110.425237,19938.0
49015,Emery,Utah,38.99617072,-110.7013958,10012.0
49017,Garfield,Utah,37.85447192,-111.4418764,5051.0
49019,Grand,Utah,38.98103848,-109.5704487,9754.0
49021,Iron,Utah,37.8590362,-113.2897381,54839.0
49023,Juab,Utah,39.70208397,-112.7809245,12017.0
49025,Kane,Utah,37.28507306,-111.8861752,7886.0
49027,Millard,Utah,39.0729209,-113.1020328,13188.0
49029,Morgan,Utah,41.08830262,-111.5727723,12124.0
49031,Piute,Utah,38.33815254,-112.1249591,1479.0
49033,Rich,Utah,41.63137678,-111.2445105,2483.0
49035,Salt Lake,Utah,40.66616532,-111.9216011,1160437.0
49037,San Juan,Utah,37.62762978,-109.8033714,15308.0
49039,Sanpete,Utah,39.37231946,-111.5758676,30939.0
49041,Sevier,Utah,38.74837146,-111.8050275,21620.0
49043,Summit,Utah,40.86688146,-110.9535882,42145.0
49045,Tooele,Utah,40.44862644,-113.1295715,72259.0
49047,Uintah,Utah,40.12491499,-109.5174415,35734.0
49049,Utah,Utah,40.1166722,-111.6657662,636235.0
49051,Wasatch,Utah,40.33110236,-111.1691419,34091.0
49053,Washington,Utah,37.28003525,-113.504698,177556.0
49055,Wayne,Utah,38.32335822,-110.9096801,2711.0
49057,Weber,Utah,41.27116049,-111.9145117,260213.0
50001,Addison,Vermont,44.03217337,-73.14130877,36777.0
50003,Bennington,Vermont,43.03519828,-73.09048868,35470.0
50005,Caledonia,Vermont,44.46548598,-72.10314651,29993.0
50007,Chittenden,Vermont,44.46322849,-73.08359212,163774.0
50009,Essex,Vermont,44.72736416,-71.73579864,6163.0
50011,Franklin,Vermont,44.85627605,-72.91249563,49402.0
50013,Grand Isle,Vermont,44.7975824,-73.29679772,7235.0
50015,Lamoille,Vermont,44.60353043,-72.64356694,25362.0
50017,Orange,Vermont,44.00470222,-72.37640104,28892.0
50019,Orleans,Vermont,44.82964024,-72.24562697,27037.0
50021,Rutland,Vermont,43.57723578,-73.03741676,58191.0
50023,Washington,Vermont,44.27343241,-72.61604978,58409.0
50025,Windham,Vermont,42.986982,-72.71268875,42222.0
50027,Windsor,Vermont,43.58010937,-72.58595157,55062.0
51001,Accomack,Virginia,37.76707161,-75.63234615,32316.0
51003,Albemarle,Virginia,38.02080697,-78.55481085,109330.0
51005,Alleghany,Virginia,37.78636074,-80.00222498,14860.0
51007,Amelia,Virginia,37.34081025,-77.98584649,13145.0
51009,Amherst,Virginia,37.60308293,-79.14548696,31605.0
51011,Appomattox,Virginia,37.37569884,-78.81340003,15911.0
51013,Arlington,Virginia,38.8767675,-77.10139853,236842.0
51015,Augusta,Virginia,38.16404586,-79.12461614,75558.0
51017,Bath,Virginia,38.05852573,-79.73912095,4147.0
51019,Bedford,Virginia,37.3080028,-79.5281964,78997.0
51021,Bland,Virginia,37.13128068,-81.13599391,6280.0
51023,Botetourt,Virginia,37.55531756,-79.80982182,33419.0
51025,Brunswick,Virginia,36.76366949,-77.8593436,16231.0
51027,Buchanan,Virginia,37.26818323,-82.03749726,21004.0
51029,Buckingham,Virginia,37.57242268,-78.52518834,17148.0
51031,Campbell,Virginia,37.20553386,-79.09678609,54885.0
51033,Caroline,Virginia,38.02679129,-77.34901405,30725.0
51035,Carroll,Virginia,36.73066666,-80.73455942,29791.0
51036,Charles City,Virginia,37.35358063,-77.05634116,6963.0
51037,Charlotte,Virginia,37.01909701,-78.66314092,11880.0
51041,Chesterfield,Virginia,37.37373208,-77.5868014,352802.0
51043,Clarke,Virginia,39.11271747,-77.99199425,14619.0
51045,Craig,Virginia,37.48133648,-80.21072274,5131.0
51047,Culpeper,Virginia,38.48199985,-77.9563087,52605.0
51049,Cumberland,Virginia,37.51328851,-78.24398086,9932.0
51051,Dickenson,Virginia,37.12560977,-82.35124171,14318.0
51053,Dinwiddie,Virginia,37.07544585,-77.63451754,28544.0
51057,Essex,Virginia,37.93357639,-76.94230311,10953.0
51059,Fairfax,Virginia,38.83677558,-77.27565836,1147532.0
51061,Fauquier,Virginia,38.73564842,-77.80647472,71222.0
51063,Floyd,Virginia,36.9302126,-80.36738849,15749.0
51065,Fluvanna,Virginia,37.84157909,-78.27715475,27270.0
51067,Franklin,Virginia,36.99536167,-79.88023649,56042.0
51069,Frederick,Virginia,39.20172582,-78.25974949,89313.0
51071,Giles,Virginia,37.31234791,-80.70636931,16720.0
51073,Gloucester,Virginia,37.40809042,-76.53524337,37348.0
51075,Goochland,Virginia,37.71714806,-77.90381514,23753.0
51077,Grayson,Virginia,36.65677234,-81.23215889,15550.0
51079,Greene,Virginia,38.29545894,-78.46525378,19819.0
51081,Greensville,Virginia,36.67878901,-77.56351439,11336.0
51083,Halifax,Virginia,36.76654925,-78.93512622,33911.0
51085,Hanover,Virginia,37.7583355,-77.49464673,107766.0
51087,Henrico,Virginia,37.53460572,-77.39326555,330818.0
51089,Henry,Virginia,36.68542395,-79.87634026,50557.0
51091,Highland,Virginia,38.35799465,-79.56124594,2190.0
51093,Isle of Wight,Virginia,36.90579348,-76.70842863,37109.0
51095,James City,Virginia,37.31156958,-76.76950618,76523.0
51097,King and Queen,Virginia,37.71044922,-76.88689628,7025.0
51099,King George,Virginia,38.26818502,-77.15852768,26836.0
51101,King William,Virginia,37.70965316,-77.09384941,17148.0
51103,Lancaster,Virginia,37.71889653,-76.46400482,10603.0
51105,Lee,Virginia,36.70586667,-83.12606515,23423.0
51107,Loudoun,Virginia,39.08990083,-77.63481877,413538.0
51109,Louisa,Virginia,37.97850256,-77.96274807,37591.0
51111,Lunenburg,Virginia,36.94618528,-78.24133319,12196.0
51113,Madison,Virginia,38.41531222,-78.28220331,13261.0
51115,Mathews,Virginia,37.44164146,-76.34098896,8834.0
51117,Mecklenburg,Virginia,36.67882005,-78.36131056,30587.0
51119,Middlesex,Virginia,37.63191998,-76.55064617,10582.0
51121,Montgomery,Virginia,37.17746986,-80.37868691,98535.0
51125,Nelson,Virginia,37.78790447,-78.88498513,14930.0
51127,New Kent,Virginia,37.50694406,-76.99828634,23091.0
51131,Northampton,Virginia,37.34062933,-75.87751591,11710.0
51133,Northumberland,Virginia,37.89202088,-76.41949732,12095.0
51135,Nottoway,Virginia,37.1435975,-78.05065922,15232.0
51137,Orange,Virginia,38.24530219,-78.015604,37051.0
51139,Page,Virginia,38.61807452,-78.48797204,23902.0
51141,Patrick,Virginia,36.6801638,-80.2865648,17608.0
51143,Pittsylvania,Virginia,36.81980341,-79.39731264,60354.0
51145,Powhatan,Virginia,37.55016038,-77.91267882,29652.0
51147,Prince Edward,Virginia,37.22554789,-78.43597949,22802.0
51149,Prince George,Virginia,37.18497668,-77.22922187,38353.0
51153,Prince William,Virginia,38.70916224,-77.48713689,470335.0
51155,Pulaski,Virginia,37.06474963,-80.71229738,34027.0
51157,Rappahannock,Virginia,38.68295619,-78.15826963,7370.0
51159,Richmond,Virginia,37.937575,-76.72920628,9023.0
51161,Roanoke,Virginia,37.26865804,-80.06396753,94186.0
51163,Rockbridge,Virginia,37.81204314,-79.44605905,22573.0
51165,Rockingham,Virginia,38.51006137,-78.87260325,81948.0
51167,Russell,Virginia,36.9302832,-82.10095486,26586.0
51169,Scott,Virginia,36.71466456,-82.60171704,21566.0
51171,Shenandoah,Virginia,38.85905135,-78.56813762,43616.0
51173,Smyth,Virginia,36.84455636,-81.53344948,30104.0
51175,Southampton,Virginia,36.72231125,-77.10642712,17631.0
51177,Spotsylvania,Virginia,38.18574462,-77.655399,136215.0
51179,Stafford,Virginia,38.41758738,-77.45917053,152882.0
51181,Surry,Virginia,37.11781893,-76.88450012,6422.0
51183,Sussex,Virginia,36.92432914,-77.25791182,11159.0
51185,Tazewell,Virginia,37.12191123,-81.56685568,40595.0
51187,Warren,Virginia,38.90847745,-78.20280433,40164.0
51191,Washington,Virginia,36.72341572,-81.95666289,53740.0
51193,Westmoreland,Virginia,38.11021557,-76.80213247,18015.0
51195,Wise,Virginia,36.9746148,-82.62410519,37383.0
51197,Wythe,Virginia,36.91582035,-81.07834059,28684.0
51199,York,Virginia,37.24374789,-76.54412815,68280.0
51510,Alexandria,Virginia,38.814003,-77.08183073,159428.0
51520,Bristol,Virginia,36.6163024,-82.16359122,16762.0
51530,Buena Vista,Virginia,37.73484642,-79.35296097,6478.0
51540,Charlottesville,Virginia,38.03527919,-78.48569588,47266.0
51550,Chesapeake,Virginia,36.67670048,-76.30545744,244835.0
51570,Colonial Heights,Virginia,37.26420587,-77.39609676,17370.0
51580,Covington,Virginia,37.7824656,-79.98631446,5538.0
51590,Danville,Virginia,36.58022376,-79.40395668,40044.0
51595,Emporia,Virginia,36.69455571,-77.53406129,5346.0
51600,Fairfax City,Virginia,38.85157547,-77.2977964,24019.0
51610,Falls Church,Virginia,38.88485255,-77.17560759,14617.0
51620,Franklin City,Virginia,36.6831435,-76.93859681,7967.0
51630,Fredericksburg,Virginia,38.2977863,-77.4922454,29036.0
51640,Galax,Virginia,36.66601852,-80.91703124,6347.0
51650,Hampton,Virginia,37.03513786,-76.35879121,134510.0
51660,Harrisonburg,Virginia,38.43542574,-78.87536254,53016.0
51670,Hopewell,Virginia,37.29186313,-77.29754684,22529.0
51678,Lexington,Virginia,37.78258621,-79.44262866,7446.0
51680,Lynchburg,Virginia,37.40021399,-79.19888138,82168.0
51683,Manassas,Virginia,38.7464321,-77.48509905,41085.0
51685,Manassas Park,Virginia,38.77058531,-77.44399307,17478.0
51690,Martinsville,Virginia,36.68212094,-79.86352771,12554.0
51700,Newport News,Virginia,37.08166899,-76.51754109,179225.0
51710,Norfolk,Virginia,36.89934014,-76.26420872,242742.0
51720,Norton,Virginia,36.93357076,-82.62750411,3981.0
51730,Petersburg,Virginia,37.20530399,-77.39368102,31346.0
51735,Poquoson,Virginia,37.14259351,-76.35798148,12271.0
51740,Portsmouth,Virginia,36.85914825,-76.35971629,94398.0
51750,Radford,Virginia,37.12222899,-80.5602732,18249.0
51760,Richmond City,Virginia,37.53255773,-77.47966921,230436.0
51770,Roanoke City,Virginia,37.27791025,-79.96189766,99143.0
51775,Salem,Virginia,37.2836193,-80.06219455,25301.0
51790,Staunton,Virginia,38.15965544,-79.05979937,24932.0
51800,Suffolk,Virginia,36.70155394,-76.63603554,92108.0
51810,Virginia Beach,Virginia,36.73285734,-76.04566934,449974.0
51820,Waynesboro,Virginia,38.06451466,-78.90293905,22630.0
51830,Williamsburg,Virginia,37.28131268,-76.70905141,14954.0
51840,Winchester,Virginia,39.17054517,-78.17325058,28078.0
53001,Adams,Washington,46.98299757,-118.5601734,19983.0
53003,Asotin,Washington,46.18894415,-117.2022851,22582.0
53005,Benton,Washington,46.23946995,-119.5120834,204390.0
53007,Chelan,Washington,47.87046092,-120.6173956,77200.0
53009,Clallam,Washington,48.04754642,-123.9226319,77331.0
53011,Clark,Washington,45.77568046,-122.4829204,488241.0
53013,Columbia,Washington,46.29442881,-117.9051983,3985.0
53015,Cowlitz,Washington,46.19074721,-122.6782231,110593.0
53017,Douglas,Washington,47.7361335,-119.692937,43429.0
53019,Ferry,Washington,48.4711431,-118.5154041,7627.0
53021,Franklin,Washington,46.53351425,-118.9018212,95222.0
53023,Garfield,Washington,46.43197502,-117.5454032,2225.0
53025,Grant,Washington,47.20753737,-119.4500749,97733.0
53027,Grays Harbor,Washington,47.14003705,-123.7820567,75061.0
53029,Island,Washington,48.14713305,-122.5216407,85141.0
53031,Jefferson,Washington,47.75003077,-123.5609704,32221.0
53033,King,Washington,47.49137892,-121.8346131,2252782.0
53035,Kitsap,Washington,47.63479026,-122.6436061,271473.0
53037,Kittitas,Washington,47.12521214,-120.679439,47935.0
53039,Klickitat,Washington,45.87325839,-120.7913598,22425.0
53041,Lewis,Washington,46.57756476,-122.3925769,80707.0
53043,Lincoln,Washington,47.57705241,-118.4194388,10939.0
53045,Mason,Washington,47.35007586,-123.1863685,66768.0
53047,Okanogan,Washington,48.54855019,-119.7387224,42243.0
53049,Pacific,Washington,46.55418369,-123.7285716,22471.0
53051,Pend Oreille,Washington,48.53234021,-117.2741804,13724.0
53053,Pierce,Washington,47.03892768,-122.1405958,904980.0
53055,San Juan,Washington,48.60182783,-122.96745,17582.0
53057,Skagit,Washington,48.48171488,-121.766131,129205.0
53059,Skamania,Washington,46.02408726,-121.9164403,12083.0
53061,Snohomish,Washington,48.04615983,-121.7170703,822083.0
53063,Spokane,Washington,47.62113146,-117.4046494,522798.0
53065,Stevens,Washington,48.40035475,-117.8542701,45723.0
53067,Thurston,Washington,46.9291895,-122.8290656,290536.0
53069,Wahkiakum,Washington,46.2918004,-123.4250831,4488.0
53071,Walla Walla,Washington,46.23040051,-118.4775539,60760.0
53073,Whatcom,Washington,48.82227976,-121.7490018,229247.0
53075,Whitman,Washington,46.90022523,-117.5241763,50104.0
53077,Yakima,Washington,46.45738486,-120.7380126,250873.0
54001,Barbour,West Virginia,39.1307219,-80.00350858,16441.0
54003,Berkeley,West Virginia,39.46704621,-78.02414609,119171.0
54005,Boone,West Virginia,38.01974191,-81.69888019,21457.0
54007,Braxton,West Virginia,38.70036159,-80.72011184,13957.0
54009,Brooke,West Virginia,40.27367263,-80.57915332,21939.0
54011,Cabell,West Virginia,38.42424062,-82.23855912,91945.0
54013,Calhoun,West Virginia,38.84315422,-81.11934872,7109.0
54015,Clay,West Virginia,38.46231092,-81.07652217,8508.0
54017,Doddridge,West Virginia,39.27057157,-80.70671527,8448.0
54019,Fayette,West Virginia,38.02974928,-81.08286634,42406.0
54021,Gilmer,West Virginia,38.9251277,-80.85952723,7823.0
54023,Grant,West Virginia,39.10314817,-79.19440518,11568.0
54025,Greenbrier,West Virginia,37.9463652,-80.45335881,34662.0
54027,Hampshire,West Virginia,39.32103553,-78.60826476,23175.0
54029,Hancock,West Virginia,40.51943859,-80.57461608,28810.0
54031,Hardy,West Virginia,39.00683177,-78.85855301,13776.0
54033,Harrison,West Virginia,39.2853852,-80.37919577,67256.0
54035,Jackson,West Virginia,38.84263974,-81.68148753,28576.0
54037,Jefferson,West Virginia,39.30776166,-77.86014147,57146.0
54039,Kanawha,West Virginia,38.33860077,-81.52857054,178124.0
54041,Lewis,West Virginia,38.9947249,-80.49988181,15907.0
54043,Lincoln,West Virginia,38.172154,-82.07017953,20409.0
54045,Logan,West Virginia,37.8299889,-81.93528571,32019.0
54047,McDowell,West Virginia,37.38002939,-81.65083669,17624.0
54049,Marion,West Virginia,39.50984542,-80.24244659,56072.0
54051,Marshall,West Virginia,39.86064362,-80.66591062,30531.0
54053,Mason,West Virginia,38.77071799,-82.02524219,26516.0
54055,Mercer,West Virginia,37.40481169,-81.11023142,58758.0
54057,Mineral,West Virginia,39.41561583,-78.94104895,26868.0
54059,Mingo,West Virginia,37.73048351,-82.13338365,23424.0
54061,Monongalia,West Virginia,39.63218457,-80.04766838,105612.0
54063,Monroe,West Virginia,37.56274716,-80.54577965,13275.0
54065,Morgan,West Virginia,39.55439028,-78.26311676,17884.0
54067,Nicholas,West Virginia,38.29617706,-80.79759588,24496.0
54069,Ohio,West Virginia,40.0955451,-80.62203992,41411.0
54071,Pendleton,West Virginia,38.68314479,-79.35084086,6969.0
54073,Pleasants,West Virginia,39.37091679,-81.16771771,7460.0
54075,Pocahontas,West Virginia,38.32758728,-80.00993811,8247.0
54077,Preston,West Virginia,39.46770987,-79.66712803,33432.0
54079,Putnam,West Virginia,38.50782345,-81.9082131,56450.0
54081,Raleigh,West Virginia,37.76936795,-81.2456041,73361.0
54083,Randolph,West Virginia,38.769899,-79.87919615,28695.0
54085,Ritchie,West Virginia,39.18094587,-81.06356878,9554.0
54087,Roane,West Virginia,38.71622686,-81.35243568,13688.0
54089,Summers,West Virginia,37.65390597,-80.86009693,12573.0
54091,Taylor,West Virginia,39.33602617,-80.0421439,16695.0
54093,Tucker,West Virginia,39.11240885,-79.57053576,6839.0
54095,Tyler,West Virginia,39.46811972,-80.88772676,8591.0
54097,Upshur,West Virginia,38.89285061,-80.23689136,24176.0
54099,Wayne,West Virginia,38.14901357,-82.42287994,39402.0
54101,Webster,West Virginia,38.49370949,-80.4202023,8114.0
54103,Wetzel,West Virginia,39.6065771,-80.6401654,15065.0
54105,Wirt,West Virginia,39.02775007,-81.37473928,5821.0
54107,Wood,West Virginia,39.20967886,-81.5162836,83518.0
54109,Wyoming,West Virginia,37.612327,-81.54511071,20394.0
55001,Adams,Wisconsin,43.96974651,-89.76782777,20220.0
55003,Ashland,Wisconsin,46.31956891,-90.67837132,15562.0
55005,Barron,Wisconsin,45.42372701,-91.84833627,45244.0
55007,Bayfield,Wisconsin,46.52868768,-91.19716729,15036.0
55009,Brown,Wisconsin,44.4526553,-88.00411844,264542.0
55011,Buffalo,Wisconsin,44.37835084,-91.75332578,13031.0
55013,Burnett,Wisconsin,45.86303537,-92.36711412,15414.0
55015,Calumet,Wisconsin,44.0816316,-88.21780273,50089.0
55017,Chippewa,Wisconsin,45.06939744,-91.28068855,64658.0
55019,Clark,Wisconsin,44.73483377,-90.61207486,34774.0
55021,Columbia,Wisconsin,43.46492199,-89.33589004,57532.0
55023,Crawford,Wisconsin,43.23870316,-90.93073686,16131.0
55025,Dane,Wisconsin,43.06601594,-89.41733797,546695.0
55027,Dodge,Wisconsin,43.41576662,-88.70928178,87839.0
55029,Door,Wisconsin,44.95856458,-87.30002707,27668.0
55031,Douglas,Wisconsin,46.43222285,-91.91595768,43150.0
55033,Dunn,Wisconsin,44.94562799,-91.8962481,45368.0
55035,Eau Claire,Wisconsin,44.726614,-91.28609183,104646.0
55037,Florence,Wisconsin,45.84963535,-88.39804137,4295.0
55039,Fond du Lac,Wisconsin,43.75354908,-88.48885325,103403.0
55041,Forest,Wisconsin,45.66678019,-88.77084892,9004.0
55043,Grant,Wisconsin,42.8671731,-90.7063218,51439.0
55045,Green,Wisconsin,42.6794956,-89.60243287,36960.0
55047,Green Lake,Wisconsin,43.80025981,-89.04679553,18913.0
55049,Iowa,Wisconsin,43.00050278,-90.13469017,23678.0
55051,Iron,Wisconsin,46.26302338,-90.24295041,5687.0
55053,Jackson,Wisconsin,44.31864893,-90.80566792,20643.0
55055,Jefferson,Wisconsin,43.02054068,-88.77529134,84769.0
55057,Juneau,Wisconsin,43.92456975,-90.11120239,26687.0
55059,Kenosha,Wisconsin,42.57639354,-88.04051686,169561.0
55061,Kewaunee,Wisconsin,44.51727459,-87.61468386,20434.0
55063,La Crosse,Wisconsin,43.90632465,-91.11451093,118016.0
55065,Lafayette,Wisconsin,42.66005229,-90.1317729,16665.0
55067,Langlade,Wisconsin,45.26271619,-89.07483625,19189.0
55069,Lincoln,Wisconsin,45.33737523,-89.73411273,27593.0
55071,Manitowoc,Wisconsin,44.11946801,-87.80928853,78981.0
55073,Marathon,Wisconsin,44.89792533,-89.75863384,135692.0
55075,Marinette,Wisconsin,45.38553432,-88.033246,40350.0
55077,Marquette,Wisconsin,43.81911946,-89.40073763,15574.0
55078,Menominee,Wisconsin,45.00422544,-88.70950714,4556.0
55079,Milwaukee,Wisconsin,43.00486062,-87.96733172,945726.0
55081,Monroe,Wisconsin,43.94641218,-90.618819,46253.0
55083,Oconto,Wisconsin,45.02715345,-88.26807503,37930.0
55085,Oneida,Wisconsin,45.70677897,-89.51944105,35595.0
55087,Outagamie,Wisconsin,44.41578887,-88.46565023,187885.0
55089,Ozaukee,Wisconsin,43.38352225,-87.94625009,89221.0
55091,Pepin,Wisconsin,44.58307413,-91.99949611,7287.0
55093,Pierce,Wisconsin,44.71850291,-92.4224416,42754.0
55095,Polk,Wisconsin,45.46130348,-92.44182875,43783.0
55097,Portage,Wisconsin,44.47558711,-89.50152965,70772.0
55099,Price,Wisconsin,45.68051754,-90.3609888,13351.0
55101,Racine,Wisconsin,42.74753117,-88.05941254,196311.0
55103,Richland,Wisconsin,43.3762778,-90.43012729,17252.0
55105,Rock,Wisconsin,42.67151616,-89.071479,163354.0
55107,Rusk,Wisconsin,45.47498854,-91.1333012,14178.0
55109,St. Croix,Wisconsin,45.03437474,-92.45000068,90687.0
55111,Sauk,Wisconsin,43.42574087,-89.94966132,64442.0
55113,Sawyer,Wisconsin,45.87931905,-91.14504927,16558.0
55115,Shawano,Wisconsin,44.78902246,-88.76443896,40899.0
55117,Sheboygan,Wisconsin,43.72099677,-87.94579284,115340.0
55119,Taylor,Wisconsin,45.21179252,-90.5004405,20343.0
55121,Trempealeau,Wisconsin,44.30360275,-91.35893614,29649.0
55123,Vernon,Wisconsin,43.59422667,-90.8324691,30822.0
55125,Vilas,Wisconsin,46.05467334,-89.51719204,22195.0
55127,Walworth,Wisconsin,42.66858202,-88.54163073,103868.0
55129,Washburn,Wisconsin,45.89838588,-91.79050449,15720.0
55131,Washington,Wisconsin,43.36863664,-88.22974712,136034.0
55133,Waukesha,Wisconsin,43.01833055,-88.30431188,404198.0
55135,Waupaca,Wisconsin,44.47068056,-88.96534501,50990.0
55137,Waushara,Wisconsin,44.11324419,-89.24317107,24443.0
55139,Winnebago,Wisconsin,44.06886922,-88.64477096,171907.0
55141,Wood,Wisconsin,44.45537896,-90.04158336,72999.0
56001,Albany,Wyoming,41.65498705,-105.7235415,38880.0
56003,Big Horn,Wyoming,44.52405055,-107.9960365,11790.0
56005,Campbell,Wyoming,44.24886082,-105.5474404,46341.0
56007,Carbon,Wyoming,41.69357844,-106.9326084,14800.0
56009,Converse,Wyoming,42.97272268,-105.5081848,13822.0
56011,Crook,Wyoming,44.58855102,-104.5697705,7584.0
56013,Fremont,Wyoming,43.04183996,-108.6296893,39261.0
56015,Goshen,Wyoming,42.08798185,-104.3534743,13211.0
56017,Hot Springs,Wyoming,43.71930657,-108.4423174,4413.0
56019,Johnson,Wyoming,44.04057166,-106.5845174,8445.0
56021,Laramie,Wyoming,41.3070252,-104.6887497,99500.0
56023,Lincoln,Wyoming,42.26376367,-110.6563997,19830.0
56025,Natrona,Wyoming,42.96180148,-106.797885,79858.0
56027,Niobrara,Wyoming,43.05607708,-104.4758896,2356.0
56029,Park,Wyoming,44.52157546,-109.5852825,29194.0
56031,Platte,Wyoming,42.13299116,-104.966331,8393.0
56033,Sheridan,Wyoming,44.79048913,-106.8862389,30485.0
56035,Sublette,Wyoming,42.76558279,-109.9130922,9831.0
56037,Sweetwater,Wyoming,41.65943896,-108.8827882,42343.0
56039,Teton,Wyoming,43.93522482,-110.5890801,23464.0
56041,Uinta,Wyoming,41.2878183,-110.5475782,20226.0
56043,Washakie,Wyoming,43.90451606,-107.680187,7805.0
56045,Weston,Wyoming,43.83961191,-104.5674881,6927.0
